Ticker,Sector,Industry,PE_Ratio,PB_Ratio,ROE,Debt_to_Equity,Ind_Avg_PE,Ind_Avg_PB,Ind_Avg_ROE,Ind_Avg_Debt_Equity,Beats_Ind_PE,Beats_Ind_PB,Beats_Ind_Debt,Beats_Ind_ROE,Total_Metrics_Beaten,RSI_14d,Good_Momentum
AAPL,Technology,Consumer Electronics,34.609978,41.475544,1.4875101,78.445,34.609978,41.475544,1.4875101,78.445,No,No,No,No,0,42.96016071379776,No
NVDA,Technology,Semiconductors,34.502296,27.918217,1.14288,6.555,54.09527633333333,12.04603556,0.340206001,42.3612,Yes,No,Yes,Yes,4,63.057651318774795,Yes
MSFT,Technology,Software - Infrastructure,27.391401,8.341812,0.34039003,29.118,78.68721981818182,158.2196027153846,0.6039858355916666,4852.889666666667,Yes,Yes,Yes,No,3,71.97667219576952,No
AMZN,Consumer Cyclical,Internet Retail,21.329847,5.1827745,0.30558002,45.617,35.5390735,8.50702025,0.29031001,107.1015,Yes,Yes,Yes,Yes,5,55.364838959425285,Yes
GOOG,Communication Services,Internet Content & Information,17.274736,6.757702,0.48676,18.859,19.846297,6.2805775,0.39262,30.928,Yes,No,Yes,Yes,3,46.246635744375396,No
META,Communication Services,Internet Content & Information,22.417858,5.803453,0.29848,42.997,19.846297,6.2805775,0.39262,30.928,No,Yes,No,No,1,49.1765133967304,No
TSLA,Consumer Cyclical,Auto Manufacturers,311.8899,15.456239,0.046669997,18.373,311.8899,15.456239,0.046669997,18.373,No,No,No,No,0,47.495109394358686,No
AVGO,Technology,Semiconductors,69.40532,22.670645,0.37280998,74.018,54.09527633333333,12.04603556,0.340206001,42.3612,No,No,No,Yes,2,58.99165315209634,Yes
JPM,Financial Services,Banks - Diversified,15.651292,2.7300065,0.17789,,14.548403,1.806136625,0.12523000125,,No,No,,Yes,2,65.96686322177666,Yes
LLY,Healthcare,Drug Manufacturers - General,40.611355,34.62497,1.02286,162.071,46.29609,2.0260299374999997,0.36770714,191.1494285714286,Yes,No,Yes,Yes,4,55.655422758917005,Yes
MA,Financial Services,Credit Services,30.767225,88.65541,2.41202,439.583,19.09603075,20.07863005,0.6518050000000001,187.88375,No,No,No,Yes,2,61.15353142866046,Yes
V,Financial Services,Credit Services,31.049278,19.36672,0.6119,67.821,19.09603075,20.07863005,0.6518050000000001,187.88375,No,Yes,Yes,No,3,57.85561679519559,Yes
HD,Consumer Cyclical,Home Improvement Retail,24.268467,24.55447,1.2838,459.356,21.2571435,5.6741125,1.2838,459.356,No,No,No,No,0,49.998938381540654,No
UNH,Healthcare,Healthcare Plans,25.646528,3.459348,0.14152999,69.211,22.767939,2.2073586,0.057156,72.0042,No,No,Yes,Yes,2,39.93931246759934,No
COST,Consumer Defensive,Discount Stores,48.309895,25.80208,0.29152,60.257,34.4264125,15.0550375,0.255835,88.9025,No,No,Yes,Yes,3,56.002073650657486,Yes
PG,Consumer Defensive,Household & Personal Products,21.79154,6.28666,0.30290002,64.49,24.109022599999996,35.90854228,0.663170004,554.4639999999999,Yes,Yes,Yes,No,3,44.04154932614892,No
CRM,Technology,Software - Application,23.306711,4.817349,0.16908,124.282,44.40717484615384,12.75701541875,0.1575993334666666,63.50013333333334,Yes,Yes,No,Yes,4,65.85320302281056,Yes
ADP,Technology,Software - Application,25.249544,18.219774,0.72239,91.436,44.40717484615384,12.75701541875,0.1575993334666666,63.50013333333334,Yes,No,No,Yes,3,66.85211973823553,Yes
BAC,Financial Services,Banks - Diversified,14.801385,1.6290478,0.111990005,,14.548403,1.806136625,0.12523000125,,No,Yes,,No,2,66.9637110198292,Yes
NOW,Technology,Software - Application,79.53125,10.511316,0.14244,67.538,44.40717484615384,12.75701541875,0.1575993334666666,63.50013333333334,No,Yes,No,No,2,66.85483080558961,Yes
TXN,Technology,Semiconductors,42.001534,13.863509,0.35176,78.036,54.09527633333333,12.04603556,0.340206001,42.3612,Yes,No,No,Yes,2,42.96047428746319,No
KO,Consumer Defensive,Beverages - Non-Alcoholic,26.252253,10.405904,0.42054,115.519,24.788931333333338,6.924831233333333,0.3288733333333333,151.37233333333333,No,No,Yes,Yes,3,60.7415756765288,Yes
NFLX,Communication Services,Entertainment,23.285715,10.805137,0.49541,55.236,19.818455333333333,4.171202425,0.15764,63.22475,No,No,Yes,Yes,3,62.30258153784607,Yes
SPGI,Financial Services,Financial Data & Stock Exchanges,25.709854,3.9555473,0.14255,42.98,25.108762,8.349881766666666,0.2553183316666667,86.28416666666665,No,Yes,Yes,No,3,53.49143247438157,Yes
PRU,Financial Services,Insurance - Life,11.310063,1.3550798,0.12011,163.891,14.334661,1.8756368666666667,0.1400433333333333,132.39633333333333,Yes,Yes,No,No,3,67.91375404083358,Yes
ORCL,Technology,Software - Infrastructure,26.299664,11.980062,0.53376,388.87,78.68721981818182,158.2196027153846,0.6039858355916666,4852.889666666667,Yes,Yes,Yes,No,4,61.470893642115115,Yes
ADBE,Technology,Software - Application,14.788955,9.370214,0.62953997,61.443,44.40717484615384,12.75701541875,0.1575993334666666,63.50013333333334,Yes,Yes,Yes,Yes,5,63.78510203458698,Yes
AXP,Financial Services,Credit Services,20.827272,6.766762,0.34377,172.38,19.09603075,20.07863005,0.6518050000000001,187.88375,No,Yes,Yes,No,3,51.90904560287431,Yes
XOM,Energy,Oil & Gas Integrated,20.413128,2.514426,0.12584,15.921,19.7113715,2.27839065,0.124075,17.439999999999998,No,No,Yes,Yes,3,62.22607211836653,Yes
BRK-B,Financial Services,Insurance - Diversified,12.820687,0.0010165783,0.121199995,17.142,9.984963533333334,1.1251721594333333,0.180390005,19.102666666666664,No,Yes,Yes,No,2,49.95577399124104,No
IBM,Technology,Information Technology Services,20.967285,6.484905,0.34460998,188.97,14.9647392,-10.43693778,0.478174,142.17374999999998,No,No,No,No,1,50.932933700163325,Yes
JNJ,Healthcare,Drug Manufacturers - General,30.403711,7.4277287,0.25742,57.709,46.29609,2.0260299374999997,0.36770714,191.1494285714286,Yes,No,Yes,No,3,58.08967227726699,Yes
INTU,Technology,Software - Application,21.886988,4.763545,0.22496,33.448,44.40717484615384,12.75701541875,0.1575993334666666,63.50013333333334,Yes,Yes,Yes,Yes,4,72.41393039340643,No
MS,Financial Services,Capital Markets,17.639742,3.2208965,0.17969999,517.282,17.881495333333334,3.465085733333334,0.1838166633333333,464.5896666666667,Yes,Yes,No,No,3,54.97377238241708,Yes
CSCO,Technology,Communication Equipment,34.17771,9.150068,0.27319,58.731,42.36991,13.694613266666666,0.41733668,166.87033333333332,Yes,Yes,Yes,No,3,43.74405567857874,No
HON,Industrials,Conglomerates,8.992698,4.000718,0.46577,185.369,20.833557,17.95511,0.6423449800000001,311.653,Yes,Yes,Yes,No,3,46.66138099203838,No
PEG,Utilities,Utilities - Regulated Electric,18.88806,2.1820846,0.11835,142.409,17.49529742857143,2.0865267,0.1134457142857142,176.60742857142856,No,No,Yes,Yes,2,40.431338732102176,No
COP,Energy,Oil & Gas E&P,16.4709,2.2890968,0.1418,35.639,21.167981625000003,1.6510234499999998,0.0929050005,31.9115,Yes,No,No,Yes,3,62.18448788008162,Yes
DIS,Communication Services,Entertainment,21.608248,1.6477469,0.0801,39.404,19.818455333333333,4.171202425,0.15764,63.22475,No,Yes,Yes,No,3,64.04628842538045,Yes
ABBV,Healthcare,Drug Manufacturers - General,70.85311,-74.671036,,,46.29609,2.0260299374999997,0.36770714,191.1494285714286,No,Yes,,,2,53.38248638806154,Yes
GILD,Healthcare,Drug Manufacturers - General,,14.492237,-0.2068,223.465,46.29609,2.0260299374999997,0.36770714,191.1494285714286,,No,No,No,1,61.96979203368685,Yes
NEE,Utilities,Utilities - Regulated Electric,19.32809,3.1404264,0.11677,161.676,17.49529742857143,2.0865267,0.1134457142857142,176.60742857142856,No,No,Yes,Yes,2,43.76798482344399,No
AMAT,Technology,Semiconductor Equipment & Materials,51.54677,17.750547,0.39692003,30.399,55.027725,28.783711000000004,0.523790035,31.724,Yes,Yes,Yes,No,3,49.447061253811874,No
RTX,Industrials,Aerospace & Defense,39.231316,4.4767513,0.12274,57.02,82.2465168,12.72012786,0.256833996,79.4648,Yes,Yes,Yes,No,4,67.71596935649416,Yes
MRK,Healthcare,Drug Manufacturers - General,106.732285,7.29705,0.06961,128.408,46.29609,2.0260299374999997,0.36770714,191.1494285714286,No,No,Yes,No,2,68.50587620758198,Yes
AMD,Technology,Semiconductors,123.53197,11.726105,0.10196,6.361,54.09527633333333,12.04603556,0.340206001,42.3612,No,Yes,Yes,No,2,47.169499512185304,No
TT,Industrials,Building Products & Equipment,35.701794,12.299869,0.36643,53.404,36.347258999999994,6.665450816666667,0.2144216776666666,107.20183333333334,Yes,No,Yes,Yes,4,52.13610430259241,Yes
GE,Industrials,Aerospace & Defense,42.528305,21.212872,0.48231998,113.225,82.2465168,12.72012786,0.256833996,79.4648,Yes,No,No,Yes,3,50.023761333352105,Yes
BR,Technology,Information Technology Services,17.629478,7.069737,0.40916002,123.939,14.9647392,-10.43693778,0.478174,142.17374999999998,No,No,Yes,No,2,66.91660711457439,Yes
GIS,Consumer Defensive,Packaged Foods,,3.757968,-0.01028,217.629,16.408202,1.876540833333333,0.0184933333333333,106.5365,,No,No,No,1,64.8779194094465,Yes
CMI,Industrials,Specialty Industrial Machinery,32.57401,6.768144,0.21114,59.586,32.3772535,4.7464518,0.1492199983333333,55.88616666666667,No,No,No,Yes,1,43.29680317695471,No
MCD,Consumer Cyclical,Restaurants,22.425865,-188.27802,,,38.45532566666667,-61.86823866666666,0.49560001,246.35,Yes,Yes,,,3,50.35249587400817,Yes
AMT,Real Estate,REIT - Specialty,27.474764,21.820118,0.33914003,438.721,74.84069828571428,-1.391046814285714,0.1313375075,181.62675,Yes,No,No,Yes,3,54.5173611902593,Yes
KMI,Energy,Oil & Gas Midstream,20.43312,2.2564538,0.109910004,98.619,22.3361246,7.77539416,0.3174539908,240.2548,Yes,Yes,Yes,No,4,55.01763060158418,Yes
PEP,Consumer Defensive,Beverages - Non-Alcoholic,18.191462,8.692588,0.51508,238.949,24.788931333333338,6.924831233333333,0.3288733333333333,151.37233333333333,Yes,No,No,Yes,3,53.870697847014256,Yes
NI,Utilities,Utilities - Regulated Gas,22.38298,2.0885448,0.085489996,146.649,22.38298,2.0885448,0.085489996,146.649,No,No,No,No,0,30.646399606729588,No
CRH,Basic Materials,Building Materials,17.261484,2.706821,0.15812,77.592,26.363816999999997,2.77006415,0.12353,66.2685,Yes,Yes,No,Yes,3,42.775076136322205,No
BKNG,Consumer Cyclical,Travel Services,23.704445,-14.996485,,,21.3577445,-3.4499575,0.44669998,224.816,No,Yes,,,1,71.35575645632746,No
ECL,Basic Materials,Specialty Chemicals,37.032173,7.701701,0.21956,138.023,28.113555666666667,5.315857975,0.1491924975,100.99975,No,No,No,Yes,1,48.75026738260951,No
ZTS,Healthcare,Drug Manufacturers - Specialty & Generic,11.981042,9.674703,0.64911,293.996,11.981042,9.674703,0.64911,293.996,No,No,No,No,1,50.73216800987196,Yes
CVX,Energy,Oil & Gas Integrated,19.009615,2.0423553,0.12231,18.959,19.7113715,2.27839065,0.124075,17.439999999999998,Yes,Yes,No,No,3,62.29084897462591,Yes
LOW,Consumer Cyclical,Home Improvement Retail,18.24582,-13.206245,,,21.2571435,5.6741125,1.2838,459.356,Yes,Yes,,,3,53.46371905141808,Yes
VZ,Communication Services,Telecom Services,12.238579,1.9278747,0.15842,184.081,9.502184666666668,1.4976998333333336,0.1522299986666666,137.86966666666666,No,No,No,Yes,2,64.35450547059264,Yes
ELV,Healthcare,Healthcare Plans,17.604774,1.9238983,0.11133,68.953,22.767939,2.2073586,0.057156,72.0042,Yes,Yes,Yes,Yes,5,54.43255062239808,Yes
ISRG,Healthcare,Medical Instruments & Supplies,46.070034,7.816237,0.17423001,,51.75042266666667,4.860575425,0.0741550025,36.452,Yes,No,,Yes,3,59.84937236840705,Yes
PNC,Financial Services,Banks - Regional,14.068357,1.5926708,0.12623,,13.22531725,1.3944307,0.1082675,,No,No,,Yes,2,62.02580934452958,Yes
BK,Unknown,Unknown,,,,,,,,,,,,,0,,N/A
OKE,Energy,Oil & Gas Midstream,16.0,2.610607,0.16277,143.07,22.3361246,7.77539416,0.3174539908,240.2548,Yes,Yes,Yes,No,4,59.89067012339963,Yes
GWW,Industrials,Industrial Distribution,33.225548,15.066016,0.46091,61.977,25.23404366666667,9.5304956,0.3867299899999999,102.52566666666668,No,No,Yes,Yes,2,47.26840941460399,No
GS,Financial Services,Capital Markets,16.102394,2.84521,0.16902,725.381,17.881495333333334,3.465085733333334,0.1838166633333333,464.5896666666667,Yes,Yes,No,No,2,49.39502099039501,No
ADSK,Technology,Software - Application,37.603497,17.06762,0.50396,85.419,44.40717484615384,12.75701541875,0.1575993334666666,63.50013333333334,Yes,No,No,Yes,3,69.7449297008829,Yes
MCO,Financial Services,Financial Data & Stock Exchanges,30.95184,27.962446,0.76932,240.682,25.108762,8.349881766666666,0.2553183316666667,86.28416666666665,No,No,No,Yes,2,55.89143925286567,Yes
LIN,Basic Materials,Specialty Chemicals,30.87153,5.6406145,0.18400998,68.947,28.113555666666667,5.315857975,0.1491924975,100.99975,No,No,Yes,Yes,2,33.570916369891336,No
MMM,Industrials,Conglomerates,32.674416,31.909502,0.81891996,437.937,20.833557,17.95511,0.6423449800000001,311.653,No,No,No,Yes,2,66.98709870502579,Yes
EQIX,Real Estate,REIT - Specialty,68.964676,7.366919,0.10735,162.217,74.84069828571428,-1.391046814285714,0.1313375075,181.62675,Yes,No,Yes,No,3,57.21775066396419,Yes
MMC,Unknown,Unknown,,,,,,,,,,,,,0,,N/A
CCI,Real Estate,REIT - Specialty,30.171316,-9.865816,,,74.84069828571428,-1.391046814285714,0.1313375075,181.62675,Yes,Yes,,,2,46.77985110596102,No
PGR,Financial Services,Insurance - Property & Casualty,10.407075,3.534598,0.34943,24.428,11.269478333333334,2.7132821333333332,0.2659866633333334,29.339,Yes,No,Yes,Yes,3,44.251266942291046,No
VRTX,Healthcare,Biotechnology,30.113121,6.461881,0.23542999,9.767,29.656065333333338,8.799849425,0.2378574925,64.49025,No,Yes,Yes,No,3,62.83690071537113,Yes
EW,Healthcare,Medical Devices,55.095238,5.0263367,0.09175,6.568,35.9182226,5.7168182000000005,0.163952004,42.5584,No,Yes,Yes,No,3,63.06590741114958,Yes
CAT,Industrials,Farm & Heavy Construction Machinery,36.899826,20.254543,0.56972003,232.783,37.725082,9.314798066666668,0.26411668,314.61633333333333,Yes,No,Yes,Yes,3,45.88387988692055,No
DHR,Healthcare,Diagnostics & Research,36.605026,2.7255836,0.07605,52.97,40.703307125,285.9395879375,0.2203071412857142,2161.667375,Yes,Yes,Yes,No,4,57.4611459535982,Yes
LNG,Energy,Oil & Gas Midstream,20.203186,8.948588,0.39116,243.42,22.3361246,7.77539416,0.3174539908,240.2548,Yes,No,No,Yes,3,56.64365108760741,Yes
UNP,Industrials,Railroads,24.093044,9.104501,0.39696,150.772,24.093044,9.104501,0.39696,150.772,No,No,No,No,1,59.36947295539444,Yes
NXPI,Technology,Semiconductors,46.474953,5.1322284,0.27921,93.325,54.09527633333333,12.04603556,0.340206001,42.3612,Yes,Yes,No,No,2,36.92167393064648,No
MET,Financial Services,Insurance - Life,18.672415,2.2652693,0.13094,179.933,14.334661,1.8756368666666667,0.1400433333333333,132.39633333333333,No,No,No,No,1,62.894837506951845,Yes
LRCX,Technology,Semiconductor Equipment & Materials,58.50868,39.816875,0.65066004,33.049,55.027725,28.783711000000004,0.523790035,31.724,No,No,No,Yes,2,56.116135120084884,Yes
WMB,Energy,Oil & Gas Midstream,29.333334,6.790629,0.21503,200.371,22.3361246,7.77539416,0.3174539908,240.2548,No,Yes,Yes,No,3,51.683565317290146,Yes
C,Financial Services,Banks - Diversified,14.821581,1.2091024,0.08529,,14.548403,1.806136625,0.12523000125,,No,Yes,,No,2,58.49320599046939,Yes
CI,Healthcare,Healthcare Plans,11.468234,1.7199903,0.16758,74.29,22.767939,2.2073586,0.057156,72.0042,Yes,Yes,No,Yes,3,45.9061416424516,No
EXPD,Industrials,Integrated Freight & Logistics,27.266764,11.478981,0.4267,26.745,26.5761666,7.6019212399999985,0.285378,102.3806,No,No,Yes,Yes,3,68.17551274603453,Yes
LKQ,Consumer Cyclical,Auto Parts,14.000001,0.99048823,0.07131,82.105,14.000001,0.99048823,0.07131,82.105,No,No,No,No,1,51.96887782829965,Yes
PNR,Industrials,Specialty Industrial Machinery,16.929115,2.8362389,0.17126,47.067,32.3772535,4.7464518,0.1492199983333333,55.88616666666667,Yes,Yes,Yes,Yes,4,46.857677260325325,No
AMGN,Healthcare,Drug Manufacturers - General,25.968924,19.326548,0.91473,490.281,46.29609,2.0260299374999997,0.36770714,191.1494285714286,Yes,No,No,Yes,2,73.0826460821226,No
VLTO,Industrials,Pollution & Treatment Controls,24.56927,7.691216,0.34312,115.978,24.56927,7.691216,0.34312,115.978,No,No,No,No,1,60.7838257393662,Yes
WELL,Real Estate,REIT - Healthcare Facilities,103.277534,3.772407,0.03836,41.375,103.277534,3.772407,0.03836,41.375,No,No,No,No,1,50.872730070469544,Yes
IDXX,Healthcare,Diagnostics & Research,39.840477,27.729519,0.74211,67.971,40.703307125,285.9395879375,0.2203071412857142,2161.667375,Yes,Yes,Yes,Yes,4,49.22295071440651,No
PANW,Technology,Software - Infrastructure,332.7731,11.6361065,0.048309997,7.698,78.68721981818182,158.2196027153846,0.6039858355916666,4852.889666666667,No,Yes,Yes,No,2,72.71795841008665,No
XYL,Industrials,Specialty Industrial Machinery,28.647621,2.5529387,0.09182999,28.642,32.3772535,4.7464518,0.1492199983333333,55.88616666666667,Yes,Yes,Yes,No,4,51.33666027153652,Yes
DE,Industrials,Farm & Heavy Construction Machinery,34.71542,6.031696,0.18349001,376.022,37.725082,9.314798066666668,0.26411668,314.61633333333333,Yes,Yes,No,No,3,51.803517069520886,Yes
MSI,Technology,Communication Equipment,37.02548,28.803965,0.91567004,357.85,42.36991,13.694613266666666,0.41733668,166.87033333333332,Yes,No,No,Yes,3,65.93499830902192,Yes
PFE,Healthcare,Drug Manufacturers - General,35.263157,1.7931218,0.05014,74.253,46.29609,2.0260299374999997,0.36770714,191.1494285714286,Yes,Yes,Yes,No,4,67.62751389640991,Yes
PPG,Basic Materials,Specialty Chemicals,16.436964,3.0208006,0.19297001,86.938,28.113555666666667,5.315857975,0.1491924975,100.99975,Yes,Yes,Yes,Yes,4,48.33950381642363,No
STE,Healthcare,Medical Devices,28.824179,3.1938038,0.11389,28.312,35.9182226,5.7168182000000005,0.163952004,42.5584,Yes,Yes,Yes,No,4,63.47006214191112,Yes
TSCO,Consumer Cyclical,Specialty Retail,18.937172,7.1980095,0.39513,248.71,20.6407,9.4327057,0.44208,154.226,Yes,Yes,No,No,2,73.66364776019819,No
QCOM,Technology,Semiconductors,18.620337,6.2976265,0.33754003,55.21,54.09527633333333,12.04603556,0.340206001,42.3612,Yes,Yes,No,No,2,45.95948921722523,No
KR,Consumer Defensive,Grocery Stores,33.467834,6.1856894,0.13779001,373.449,33.467834,6.1856894,0.13779001,373.449,No,No,No,No,0,46.97021257293657,No
UBER,Technology,Software - Application,16.64035,6.2432117,0.3716,51.872,44.40717484615384,12.75701541875,0.1575993334666666,63.50013333333334,Yes,Yes,Yes,Yes,5,56.868004240437585,Yes
INTC,Technology,Semiconductors,,6.0233884,-0.10715,48.997,54.09527633333333,12.04603556,0.340206001,42.3612,,Yes,No,No,2,53.20562268404119,Yes
DLR,Real Estate,REIT - Specialty,250.10126,2.7377787,0.02912,67.944,74.84069828571428,-1.391046814285714,0.1313375075,181.62675,No,No,Yes,No,2,60.78572809258734,Yes
NDAQ,Financial Services,Financial Data & Stock Exchanges,27.882856,4.5750318,0.16521999,77.687,25.108762,8.349881766666666,0.2553183316666667,86.28416666666665,No,Yes,Yes,No,3,67.36018151097085,Yes
WFC,Financial Services,Banks - Diversified,12.919354,1.6563898,0.12575,,14.548403,1.806136625,0.12523000125,,Yes,Yes,,Yes,4,57.148527974820546,Yes
SNPS,Technology,Software - Infrastructure,94.43807,2.586353,0.03824,35.574,78.68721981818182,158.2196027153846,0.6039858355916666,4852.889666666667,No,Yes,Yes,No,3,51.222654043033565,Yes
D,Utilities,Utilities - Regulated Electric,23.553265,2.1594203,0.08281,160.459,17.49529742857143,2.0865267,0.1134457142857142,176.60742857142856,No,No,Yes,No,1,47.61919200990211,No
RJF,Financial Services,Asset Management,15.779425,2.738207,0.18416001,47.594,23.227159,4.3795234,0.25351500125,52.044,Yes,Yes,Yes,No,4,68.24731286715377,Yes
BMY,Healthcare,Drug Manufacturers - General,14.240088,5.91762,0.46598998,201.859,46.29609,2.0260299374999997,0.36770714,191.1494285714286,Yes,No,No,Yes,3,61.387282161833156,Yes
CLX,Consumer Defensive,Household & Personal Products,22.195833,143.19893,1.6376,2221.429,24.109022599999996,35.90854228,0.663170004,554.4639999999999,Yes,No,No,Yes,3,66.56824660230286,Yes
SBUX,Consumer Cyclical,Restaurants,62.745667,-16.122086,,,38.45532566666667,-61.86823866666666,0.49560001,246.35,No,No,,,1,62.01151517182708,Yes
FLUT,Consumer Cyclical,Gambling,,1.9493239,-0.07874,134.484,,1.9493239,-0.07874,134.484,,No,No,No,0,44.91462339111593,No
ANET,Technology,Computer Hardware,64.43671,17.35447,0.31476,,31.319586333333337,-52.90333,0.811645,11.868,No,No,,No,1,63.55825778539186,Yes
T,Communication Services,Telecom Services,8.112211,1.5308919,0.18339,129.054,9.502184666666668,1.4976998333333336,0.1522299986666666,137.86966666666666,Yes,No,Yes,Yes,4,63.90265439275567,Yes
KHC,Consumer Defensive,Packaged Foods,,0.8359959,-0.0876,52.591,16.408202,1.876540833333333,0.0184933333333333,106.5365,,Yes,Yes,No,3,50.16796679395086,Yes
CDNS,Technology,Software - Application,64.11287,13.001766,0.23229,38.661,44.40717484615384,12.75701541875,0.1575993334666666,63.50013333333334,No,No,Yes,Yes,2,36.02592424405616,No
SCHW,Financial Services,Capital Markets,19.90235,4.3291507,0.20273,151.106,17.881495333333334,3.465085733333334,0.1838166633333333,464.5896666666667,No,No,Yes,Yes,2,74.1935330299705,No
CMCSA,Communication Services,Telecom Services,8.155764,1.0343329,0.114879996,100.474,9.502184666666668,1.4976998333333336,0.1522299986666666,137.86966666666666,Yes,Yes,Yes,No,4,65.96100243521084,Yes
CBOE,Financial Services,Financial Data & Stock Exchanges,22.68421,5.4468746,0.26297,28.09,25.108762,8.349881766666666,0.2553183316666667,86.28416666666665,Yes,Yes,Yes,Yes,5,54.82615495080361,Yes
CHD,Consumer Defensive,Household & Personal Products,32.47436,5.5260434,0.17041,55.851,24.109022599999996,35.90854228,0.663170004,554.4639999999999,No,Yes,Yes,No,3,55.28124304796803,Yes
USB,Financial Services,Banks - Regional,12.982071,1.6748477,0.12623,,13.22531725,1.3944307,0.1082675,,Yes,No,,Yes,3,65.56391610558133,Yes
TAP,Consumer Defensive,Beverages - Brewers,,0.7779255,-0.19466,76.03,,0.7779255,-0.19466,76.03,,No,No,No,1,54.157849761256685,Yes
DECK,Consumer Cyclical,Footwear & Accessories,13.271693,5.542355,0.42558,20.521,13.271693,5.542355,0.42558,20.521,No,No,No,No,0,37.824945856143906,No
ETN,Industrials,Specialty Industrial Machinery,46.92857,8.693309,0.19684,105.059,32.3772535,4.7464518,0.1492199983333333,55.88616666666667,No,No,No,Yes,2,62.192579517683384,Yes
AXON,Industrials,Aerospace & Defense,250.23984,13.609312,0.06221,50.363,82.2465168,12.72012786,0.256833996,79.4648,No,No,Yes,No,2,59.07827396187576,Yes
MELI,Consumer Cyclical,Internet Retail,49.7483,11.831266,0.27504,168.586,35.5390735,8.50702025,0.29031001,107.1015,No,No,No,No,0,49.928974756519196,No
MCK,Healthcare,Medical Distribution,22.986048,-23.43757,,,26.078099666666663,-7.578827,0.96871,446.516,Yes,Yes,,,3,52.93165424962683,Yes
CMS,Utilities,Utilities - Regulated Electric,21.174175,2.3153713,0.09158,185.604,17.49529742857143,2.0865267,0.1134457142857142,176.60742857142856,No,No,No,No,0,40.726535384744196,No
COR,Healthcare,Medical Distribution,23.309023,19.39017,0.96871,446.516,26.078099666666663,-7.578827,0.96871,446.516,Yes,No,No,No,2,50.21124929533784,Yes
FERG,Industrials,Industrial Distribution,24.159687,7.7406874,,111.063,25.23404366666667,9.5304956,0.3867299899999999,102.52566666666668,Yes,Yes,No,,3,55.636391633528845,Yes
TGT,Consumer Defensive,Discount Stores,20.54293,4.307995,0.22015,117.548,34.4264125,15.0550375,0.255835,88.9025,Yes,Yes,No,No,2,75.4676132002605,No
DAL,Industrials,Airlines,15.142619,2.7376847,0.20125,96.649,15.142619,2.7376847,0.20125,96.649,No,No,No,No,1,57.28676135223011,Yes
TRGP,Energy,Oil & Gas Midstream,25.710983,18.270693,0.70839995,515.794,22.3361246,7.77539416,0.3174539908,240.2548,No,No,No,Yes,1,48.86825802555816,No
KEYS,Technology,Scientific & Technical Instruments,57.164783,9.54391,0.18174,43.642,44.848181499999995,4.998357066666666,0.07851,43.826,No,No,Yes,Yes,3,61.902142735412404,Yes
CNH,Industrials,Farm & Heavy Construction Machinery,41.56,1.6581552,0.03914,335.044,37.725082,9.314798066666668,0.26411668,314.61633333333333,No,Yes,No,No,1,45.75320132413919,No
MU,Technology,Semiconductors,20.617105,10.646528,0.66638,6.33,54.09527633333333,12.04603556,0.340206001,42.3612,Yes,Yes,Yes,Yes,5,54.30602446308156,Yes
BG,Consumer Defensive,Farm Products,24.29526,1.3575059,0.071779996,97.995,24.29526,1.3575059,0.071779996,97.995,No,No,No,No,1,50.09990194944198,Yes
CARR,Industrials,Building Products & Equipment,44.929077,3.9755254,0.08966,91.998,36.347258999999994,6.665450816666667,0.2144216776666666,107.20183333333334,No,Yes,Yes,No,2,42.2414423783037,No
EXC,Utilities,Utilities - Regulated Electric,16.764706,1.5849843,0.09711,177.362,17.49529742857143,2.0865267,0.1134457142857142,176.60742857142856,Yes,Yes,No,No,2,47.19477127033002,No
CBRE,Real Estate,Real Estate Services,34.75744,5.242286,0.15798001,117.789,34.75744,5.242286,0.15798001,117.789,No,No,No,No,1,62.0588832604883,Yes
HIG,Financial Services,Insurance - Diversified,9.517265,1.9395926,0.22061001,22.33,9.984963533333334,1.1251721594333333,0.180390005,19.102666666666664,Yes,No,No,Yes,2,44.80254293148933,No
NOC,Industrials,Aerospace & Defense,18.280533,4.565487,0.26958,95.348,82.2465168,12.72012786,0.256833996,79.4648,Yes,Yes,No,Yes,4,65.89393724416624,Yes
SYK,Healthcare,Medical Devices,35.346115,5.6904287,0.16508,64.391,35.9182226,5.7168182000000005,0.163952004,42.5584,Yes,Yes,No,Yes,4,54.79848329066497,Yes
WSM,Consumer Cyclical,Specialty Retail,27.179373,15.267002,0.54007,79.878,20.6407,9.4327057,0.44208,154.226,No,No,Yes,Yes,3,57.34925029045376,Yes
WAT,Healthcare,Diagnostics & Research,105.218834,2.6544998,0.019199999,36.045,40.703307125,285.9395879375,0.2203071412857142,2161.667375,No,Yes,Yes,No,3,68.70927026325627,Yes
UPS,Industrials,Integrated Freight & Logistics,19.6171,5.961028,0.29602,189.9,26.5761666,7.6019212399999985,0.285378,102.3806,Yes,Yes,No,Yes,3,45.00550801870606,No
JCI,Industrials,Building Products & Equipment,43.148148,6.8046007,0.14332,70.107,36.347258999999994,6.665450816666667,0.2144216776666666,107.20183333333334,No,No,Yes,No,2,57.74659251374967,Yes
URI,Industrials,Rental & Leasing Services,27.172161,7.5731235,0.28895,166.793,27.172161,7.5731235,0.28895,166.793,No,No,No,No,1,53.16588408274318,Yes
OVV,Energy,Oil & Gas E&P,17.651558,1.4988093,0.08411,43.734,21.167981625000003,1.6510234499999998,0.0929050005,31.9115,Yes,Yes,No,No,3,57.79231840903525,Yes
KKR,Financial Services,Asset Management,35.476925,3.6687033,0.0728,69.812,23.227159,4.3795234,0.25351500125,52.044,No,Yes,No,No,1,71.87739325857784,No
FTV,Technology,Scientific & Technical Instruments,32.53158,3.0861795,0.07318,59.283,44.848181499999995,4.998357066666666,0.07851,43.826,Yes,Yes,No,No,3,53.42270797572366,Yes
REGN,Healthcare,Biotechnology,19.763855,2.5496423,0.14043,8.535,29.656065333333338,8.799849425,0.2378574925,64.49025,Yes,Yes,Yes,No,3,79.11944269492056,No
NEM,Basic Materials,Gold,14.41793,3.43119,0.25905,15.807,14.41793,3.43119,0.25905,15.807,No,No,No,No,1,68.0110771426249,Yes
AFL,Financial Services,Insurance - Life,13.021505,2.0065615,0.16908,53.365,14.334661,1.8756368666666667,0.1400433333333333,132.39633333333333,Yes,No,Yes,Yes,3,41.97716595286444,No
TRV,Financial Services,Insurance - Property & Casualty,9.940891,2.3302977,0.26511,27.378,11.269478333333334,2.7132821333333332,0.2659866633333334,29.339,Yes,Yes,Yes,No,4,53.395590983517884,Yes
DGX,Healthcare,Diagnostics & Research,25.057323,3.4545639,0.14602,81.074,40.703307125,285.9395879375,0.2203071412857142,2161.667375,Yes,Yes,Yes,No,4,68.76099154213624,Yes
A,Healthcare,Diagnostics & Research,29.739042,5.915755,0.21330999,49.733,40.703307125,285.9395879375,0.2203071412857142,2161.667375,Yes,Yes,Yes,No,3,71.73340553091273,No
WDAY,Technology,Software - Application,64.515625,7.692164,0.10858,56.936,44.40717484615384,12.75701541875,0.1575993334666666,63.50013333333334,No,Yes,Yes,No,2,75.31110136158856,No
PLTR,Technology,Software - Infrastructure,154.31897,44.004425,0.38097,2.139,78.68721981818182,158.2196027153846,0.6039858355916666,4852.889666666667,No,Yes,Yes,No,2,73.07711599277076,No
IQV,Healthcare,Diagnostics & Research,30.039803,6.4420795,0.22818,257.975,40.703307125,285.9395879375,0.2203071412857142,2161.667375,Yes,Yes,Yes,Yes,5,66.82228586045045,Yes
BBY,Consumer Cyclical,Specialty Retail,15.805555,5.8331056,0.39104,134.09,20.6407,9.4327057,0.44208,154.226,Yes,Yes,Yes,No,4,55.817241951323886,Yes
PLD,Real Estate,REIT - Industrial,31.380001,2.4551857,0.07749,63.823,31.380001,2.4551857,0.07749,63.823,No,No,No,No,0,46.60819060909168,No
MLM,Basic Materials,Building Materials,35.46615,2.8333073,0.08894,54.945,26.363816999999997,2.77006415,0.12353,66.2685,No,No,Yes,No,1,44.8307688714704,No
TFC,Financial Services,Banks - Regional,12.18161,1.1030852,0.09059,,13.22531725,1.3944307,0.1082675,,Yes,Yes,,No,3,59.01989145111098,Yes
PTC,Technology,Software - Application,14.342032,4.910495,0.35053003,46.335,44.40717484615384,12.75701541875,0.1575993334666666,63.50013333333334,Yes,Yes,Yes,Yes,4,72.80029870498753,No
HPE,Technology,Communication Equipment,55.90654,3.1298068,0.06315,84.03,42.36991,13.694613266666666,0.41733668,166.87033333333332,No,Yes,Yes,No,2,73.81893709283685,No
CAH,Healthcare,Medical Distribution,31.939228,-18.689081,,,26.078099666666663,-7.578827,0.96871,446.516,No,Yes,,,1,49.51399423329624,No
AIZ,Financial Services,Insurance - Property & Casualty,13.460469,2.2749507,0.18341999,36.211,11.269478333333334,2.7132821333333332,0.2659866633333334,29.339,No,Yes,No,No,2,50.86104867286996,Yes
PYPL,Financial Services,Credit Services,11.453687,2.6351497,0.24497,71.751,19.09603075,20.07863005,0.6518050000000001,187.88375,Yes,Yes,Yes,No,3,75.16640131366297,No
MRVL,Technology,Semiconductors,74.557045,10.679676,0.16028,28.97,54.09527633333333,12.04603556,0.340206001,42.3612,No,Yes,Yes,No,3,53.64603515049267,Yes
IT,Technology,Information Technology Services,16.469004,-70.554276,1.13581,,14.9647392,-10.43693778,0.478174,142.17374999999998,No,Yes,,Yes,3,63.63745087653617,Yes
SNOW,Technology,Software - Application,,60.28949,-0.54869,142.912,44.40717484615384,12.75701541875,0.1575993334666666,63.50013333333334,,No,No,No,0,80.71918776944159,No
IRM,Real Estate,REIT - Specialty,89.80142,-29.425983,,,74.84069828571428,-1.391046814285714,0.1313375075,181.62675,No,Yes,,,2,55.268045905006765,Yes
KVUE,Consumer Defensive,Household & Personal Products,22.588236,3.49345,0.15581,81.617,24.109022599999996,35.90854228,0.663170004,554.4639999999999,Yes,Yes,Yes,No,4,54.81841217003037,Yes
CMG,Consumer Cyclical,Restaurants,30.194445,18.79539,0.49560001,246.35,38.45532566666667,-61.86823866666666,0.49560001,246.35,Yes,No,No,No,1,45.5176719764607,No
BALL,Consumer Cyclical,Packaging & Containers,17.744986,2.8519456,0.17151,131.495,17.550645000000003,2.9323492666666664,0.09346334,128.77933333333334,No,Yes,No,Yes,2,45.51324388501323,No
BKR,Energy,Oil & Gas Equipment & Services,20.664495,3.162197,0.16463,80.925,23.029809,3.0627697,0.146860005,63.9635,Yes,No,No,Yes,3,62.27588646259905,Yes
AMP,Financial Services,Asset Management,13.794538,7.928974,0.63432,67.578,23.227159,4.3795234,0.25351500125,52.044,Yes,No,No,Yes,2,74.44461087840618,No
AKAM,Technology,Software - Infrastructure,44.42908,3.7886302,0.08918,196.672,78.68721981818182,158.2196027153846,0.6039858355916666,4852.889666666667,Yes,Yes,Yes,No,4,55.65139432594822,Yes
VEEV,Healthcare,Health Information Services,42.747887,5.6357636,0.13934,1.411,42.747887,5.6357636,0.13934,1.411,No,No,No,No,0,82.89573812440224,No
NUE,Basic Materials,Steel,21.696415,2.8104744,0.14548999,30.512,21.696415,2.8104744,0.14548999,30.512,No,No,No,No,1,66.95089602864927,Yes
EA,Communication Services,Electronic Gaming & Multimedia,59.743587,7.7727118,0.16458,26.43,59.743587,7.7727118,0.16458,26.43,No,No,No,No,0,83.44589083986811,No
J,Industrials,Engineering & Construction,47.81063,5.1636167,0.07998,124.734,50.200953,8.223040566666667,0.2122799933333333,68.64866666666667,Yes,Yes,No,No,3,63.14722402509199,Yes
SYF,Financial Services,Credit Services,8.146491,1.7142979,0.20786,,19.09603075,20.07863005,0.6518050000000001,187.88375,Yes,Yes,,No,3,63.571717303015056,Yes
ACGL,Financial Services,Insurance - Diversified,7.6169386,1.4349073,0.19936001,17.836,9.984963533333334,1.1251721594333333,0.180390005,19.102666666666664,Yes,No,Yes,Yes,3,45.03254627141531,No
HBAN,Financial Services,Banks - Regional,13.669231,1.2071191,0.09002,,13.22531725,1.3944307,0.1082675,,No,Yes,,No,2,54.7645779618549,Yes
AJG,Financial Services,Insurance Brokers,42.038143,2.7393663,0.06722,59.401,27.589395333333332,4.888944700000001,0.2372766633333333,104.75733333333334,No,Yes,Yes,No,3,54.87139639143042,Yes
MSTR,Technology,Software - Application,,1.1682469,-0.63562,14.938,44.40717484615384,12.75701541875,0.1575993334666666,63.50013333333334,,Yes,Yes,No,2,47.49692798774318,No
HRL,Consumer Defensive,Packaged Foods,28.752941,1.691935,0.05831,4.244,16.408202,1.876540833333333,0.0184933333333333,106.5365,No,Yes,Yes,Yes,3,44.06430492866614,No
KMB,Consumer Defensive,Household & Personal Products,21.495144,21.037628,1.04913,348.933,24.109022599999996,35.90854228,0.663170004,554.4639999999999,Yes,Yes,Yes,Yes,5,53.99034591160516,Yes
LII,Industrials,Building Products & Equipment,18.583296,11.144235,0.71757007,156.082,36.347258999999994,6.665450816666667,0.2144216776666666,107.20183333333334,Yes,No,No,Yes,2,30.71843286349194,No
WST,Healthcare,Medical Instruments & Supplies,44.265984,8.149927,0.19087,10.585,51.75042266666667,4.860575425,0.0741550025,36.452,Yes,No,Yes,Yes,3,48.8119128007878,No
WDC,Technology,Computer Hardware,18.6916,23.29859,1.30853,11.868,31.319586333333337,-52.90333,0.811645,11.868,Yes,No,No,Yes,2,47.08965976563939,No
MKC,Consumer Defensive,Packaged Foods,9.0599,2.092621,0.24728,65.143,16.408202,1.876540833333333,0.0184933333333333,106.5365,Yes,No,Yes,Yes,4,65.13304241953071,Yes
CEG,Utilities,Utilities - Independent Power Producers,27.23754,3.0960345,0.15055001,76.419,27.23754,3.0960345,0.15055001,76.419,No,No,No,No,1,60.74921624149447,Yes
SBAC,Real Estate,REIT - Specialty,19.765392,-4.2663035,,,74.84069828571428,-1.391046814285714,0.1313375075,181.62675,Yes,Yes,,,3,53.730120533361756,Yes
CPRT,Industrials,Specialty Business Services,18.030674,3.1011922,0.17607,1.059,18.030674,3.1011922,0.17607,1.059,No,No,No,No,1,51.8932130357401,Yes
CHRW,Industrials,Integrated Freight & Logistics,28.501911,10.746151,0.37123,121.188,26.5761666,7.6019212399999985,0.285378,102.3806,No,No,No,Yes,1,34.810686801089645,No
FBIN,Industrials,Building Products & Equipment,39.37398,2.5043955,0.06406,121.292,36.347258999999994,6.665450816666667,0.2144216776666666,107.20183333333334,No,Yes,No,No,1,46.4002662813343,No
COIN,Financial Services,Financial Data & Stock Exchanges,,3.1037612,-0.07847,50.982,25.108762,8.349881766666666,0.2553183316666667,86.28416666666665,,Yes,Yes,No,2,48.036417307153094,No
WTW,Financial Services,Insurance Brokers,21.045368,4.0403805,0.19761999,91.39,27.589395333333332,4.888944700000001,0.2372766633333333,104.75733333333334,Yes,Yes,Yes,No,4,66.30194208693366,Yes
KMX,Consumer Cyclical,Auto & Truck Dealerships,37.298138,1.3927543,0.03588,307.787,37.298138,1.3927543,0.03588,307.787,No,No,No,No,1,64.46280892076932,Yes
EIX,Utilities,Utilities - Regulated Electric,7.294118,1.5589228,0.19734,228.042,17.49529742857143,2.0865267,0.1134457142857142,176.60742857142856,Yes,Yes,No,Yes,3,42.97874379990418,No
MDB,Technology,Software - Infrastructure,,12.954359,-0.00975,1.998,78.68721981818182,158.2196027153846,0.6039858355916666,4852.889666666667,,Yes,Yes,No,2,80.49469964266619,No
DXCM,Healthcare,Medical Devices,36.158104,13.17017,0.38491002,53.346,35.9182226,5.7168182000000005,0.163952004,42.5584,No,No,No,Yes,1,72.30621472777158,No
POOL,Industrials,Industrial Distribution,18.316896,5.7847834,0.31254998,134.537,25.23404366666667,9.5304956,0.3867299899999999,102.52566666666668,Yes,Yes,No,No,3,52.79443243853842,Yes
FOX,Communication Services,Entertainment,14.561403,2.096489,0.14291,64.06,19.818455333333333,4.171202425,0.15764,63.22475,Yes,Yes,No,No,3,69.47212151281877,Yes
PHM,Consumer Cyclical,Residential Construction,13.18687,1.8826702,0.14901,19.065,13.18687,1.8826702,0.14901,19.065,No,No,No,No,1,52.2355450868998,Yes
FDX,Industrials,Integrated Freight & Logistics,18.283945,2.5735042,0.14846,135.697,26.5761666,7.6019212399999985,0.285378,102.3806,Yes,Yes,No,No,3,68.98077499352277,Yes
WBD,Communication Services,Entertainment,,2.1354368,-0.08786,94.199,19.818455333333333,4.171202425,0.15764,63.22475,,Yes,No,No,2,66.47314171182342,Yes
APD,Basic Materials,Specialty Chemicals,,4.9003158,0.00023,110.091,28.113555666666667,5.315857975,0.1491924975,100.99975,,Yes,No,No,2,58.84536556285178,Yes
WY,Real Estate,REIT - Specialty,37.60606,1.8959591,0.04974,57.625,74.84069828571428,-1.391046814285714,0.1313375075,181.62675,Yes,No,Yes,No,3,52.21086009058832,Yes
ES,Utilities,Utilities - Regulated Electric,15.464668,1.6644772,0.09016,180.7,17.49529742857143,2.0865267,0.1134457142857142,176.60742857142856,Yes,Yes,No,No,2,47.40565739656714,No
FSLR,Technology,Solar,23.156315,2.3293521,0.18509,1.88,23.156315,2.3293521,0.18509,1.88,No,No,No,No,0,47.330459892442626,No
CPB,Consumer Defensive,Packaged Foods,11.411765,1.7222757,0.15389,182.035,16.408202,1.876540833333333,0.0184933333333333,106.5365,Yes,Yes,No,Yes,4,58.11450135143302,Yes
PWR,Industrials,Engineering & Construction,76.889145,10.489897,0.15337,67.78,50.200953,8.223040566666667,0.2122799933333333,68.64866666666667,No,No,Yes,No,2,52.4152569131351,Yes
GDDY,Technology,Software - Infrastructure,14.933135,1896.2264,4.42861,57334.33,78.68721981818182,158.2196027153846,0.6039858355916666,4852.889666666667,Yes,No,No,Yes,3,60.48079549670884,Yes
OC,Industrials,Building Products & Equipment,,3.2640793,-0.094510004,150.328,36.347258999999994,6.665450816666667,0.2144216776666666,107.20183333333334,,Yes,No,No,2,62.88765839418276,Yes
EQT,Energy,Oil & Gas E&P,12.5475645,1.3392438,0.11078,19.595,21.167981625000003,1.6510234499999998,0.0929050005,31.9115,Yes,Yes,Yes,Yes,5,59.42558431640338,Yes
BXP,Real Estate,REIT - Office,36.410526,2.1407351,0.05308,211.631,36.410526,2.1407351,0.05308,211.631,No,No,No,No,1,52.61400050193806,Yes
TEAM,Technology,Software - Application,,39.64175,-0.04478,116.483,44.40717484615384,12.75701541875,0.1575993334666666,63.50013333333334,,No,No,No,0,82.76512006803274,No
IP,Consumer Cyclical,Packaging & Containers,,1.5062822,-0.16479,68.509,17.550645000000003,2.9323492666666664,0.09346334,128.77933333333334,,Yes,Yes,No,3,54.6967247369323,Yes
DT,Technology,Software - Application,99.5098,6.012321,0.058790002,6.499,44.40717484615384,12.75701541875,0.1575993334666666,63.50013333333334,No,Yes,Yes,No,3,67.67253801203694,Yes
CNC,Healthcare,Healthcare Plans,,1.4459308,-0.20358999,71.082,22.767939,2.2073586,0.057156,72.0042,,Yes,Yes,No,3,52.96398691974957,Yes
HUBS,Technology,Software - Application,85.590744,6.2577405,0.07892,14.3,44.40717484615384,12.75701541875,0.1575993334666666,63.50013333333334,No,Yes,Yes,No,3,56.86784304286503,Yes
RCL,Consumer Cyclical,Travel Services,19.011044,8.09657,0.44669998,224.816,21.3577445,-3.4499575,0.44669998,224.816,Yes,No,No,No,2,52.21692521585461,Yes
COF,Financial Services,Credit Services,12.3322315,1.3334407,0.09031,,19.09603075,20.07863005,0.6518050000000001,187.88375,Yes,Yes,,No,3,67.44200783954955,Yes
TWLO,Technology,Software - Infrastructure,34.497925,4.873864,0.13497,11.868,78.68721981818182,158.2196027153846,0.6039858355916666,4852.889666666667,Yes,Yes,Yes,No,3,70.93972918530216,No
MRNA,Healthcare,Biotechnology,,3.7562704,-0.38998002,19.036,29.656065333333338,8.799849425,0.2378574925,64.49025,,Yes,Yes,No,3,57.380584364042086,Yes
PSX,Energy,Oil & Gas Refining & Marketing,12.872718,3.2691064,0.23452999,62.884,12.872718,3.2691064,0.23452999,62.884,No,No,No,No,0,76.4779445974915,No
HUM,Healthcare,Healthcare Plans,36.35222,2.4876256,0.06893,76.485,22.767939,2.2073586,0.057156,72.0042,No,No,No,Yes,2,52.69728525509519,Yes
NTAP,Technology,Software - Infrastructure,31.830746,29.738865,1.06734,202.295,78.68721981818182,158.2196027153846,0.6039858355916666,4852.889666666667,Yes,Yes,Yes,Yes,4,75.73757852610797,No
ADI,Technology,Semiconductors,57.146927,5.5024323,0.09639,25.81,54.09527633333333,12.04603556,0.340206001,42.3612,No,Yes,Yes,No,2,49.442834378267584,No
ZBH,Healthcare,Medical Devices,24.167477,1.5033518,0.06413,60.175,35.9182226,5.7168182000000005,0.163952004,42.5584,Yes,Yes,No,No,3,63.79497232941972,Yes
HUBB,Industrials,Electrical Equipment & Parts,30.401678,6.8487234,0.24444,141.642,30.401678,6.8487234,0.24444,141.642,No,No,No,No,1,54.579969510583894,Yes
AON,Financial Services,Insurance Brokers,19.684675,7.8870873,0.44699,163.481,27.589395333333332,4.888944700000001,0.2372766633333333,104.75733333333334,Yes,No,No,Yes,3,50.98709897314196,Yes
EME,Industrials,Engineering & Construction,25.903084,9.015608,0.40348998,13.432,50.200953,8.223040566666667,0.2122799933333333,68.64866666666667,Yes,No,Yes,Yes,4,58.36337791806937,Yes
COO,Healthcare,Medical Instruments & Supplies,64.91525,1.8120742,0.02853,33.093,51.75042266666667,4.860575425,0.0741550025,36.452,No,Yes,Yes,No,3,66.62624525356071,Yes
FFIV,Technology,Software - Infrastructure,33.121017,6.1310816,0.1983,6.546,78.68721981818182,158.2196027153846,0.6039858355916666,4852.889666666667,Yes,Yes,Yes,No,4,54.537808172356215,Yes
FANG,Energy,Oil & Gas E&P,38.001904,1.4769439,0.034930002,28.678,21.167981625000003,1.6510234499999998,0.0929050005,31.9115,No,Yes,Yes,No,3,56.09309137624728,Yes
CCK,Consumer Cyclical,Packaging & Containers,17.356304,4.43882,0.27367002,186.334,17.550645000000003,2.9323492666666664,0.09346334,128.77933333333334,Yes,No,No,Yes,3,55.170667440907785,Yes
HWM,Industrials,Aerospace & Defense,60.95259,19.736217,0.34732,81.368,82.2465168,12.72012786,0.256833996,79.4648,Yes,No,No,Yes,3,52.784257767923755,Yes
JBHT,Industrials,Integrated Freight & Logistics,39.211113,7.249942,0.18448,38.373,26.5761666,7.6019212399999985,0.285378,102.3806,No,Yes,Yes,No,3,55.51363554012892,Yes
HOLX,Unknown,Unknown,,,,,,,,,,,,,0,,N/A
FICO,Technology,Software - Application,30.214907,-5.8547564,,,44.40717484615384,12.75701541875,0.1575993334666666,63.50013333333334,Yes,Yes,,,2,46.366765670965485,No
HPQ,Technology,Computer Hardware,10.830449,-199.36305,,,31.319586333333337,-52.90333,0.811645,11.868,Yes,Yes,,,2,71.03546562960008,No
LH,Healthcare,Diagnostics & Research,26.66033,3.0322027,0.11728,79.124,40.703307125,285.9395879375,0.2203071412857142,2161.667375,Yes,Yes,Yes,No,3,72.64326635696533,No
IEX,Industrials,Specialty Industrial Machinery,34.357758,4.415088,0.12955,47.06,32.3772535,4.7464518,0.1492199983333333,55.88616666666667,No,Yes,Yes,No,3,64.90450939647087,Yes
SYY,Consumer Defensive,Food Distribution,22.82787,14.997308,0.77692,561.403,22.82787,14.997308,0.77692,561.403,No,No,No,No,1,51.77511272295153,Yes
SLB,Energy,Oil & Gas Equipment & Services,25.395123,2.9633424,0.12909001,47.002,23.029809,3.0627697,0.146860005,63.9635,No,Yes,Yes,No,3,56.73778508964523,Yes
CRWD,Technology,Software - Infrastructure,,49.55614,-0.0024899999,17.568,78.68721981818182,158.2196027153846,0.6039858355916666,4852.889666666667,,Yes,Yes,No,3,69.75552859567165,Yes
TRMB,Technology,Scientific & Technical Instruments,,2.3649817,-0.01939,28.553,44.848181499999995,4.998357066666666,0.07851,43.826,,Yes,Yes,No,3,55.96100420191422,Yes
FDS,Financial Services,Financial Data & Stock Exchanges,18.31505,5.0556297,0.27032,77.284,25.108762,8.349881766666666,0.2553183316666667,86.28416666666665,Yes,Yes,Yes,Yes,5,62.765359050682754,Yes
IR,Industrials,Specialty Industrial Machinery,34.826447,3.2129922,0.0947,47.903,32.3772535,4.7464518,0.1492199983333333,55.88616666666667,No,Yes,Yes,No,3,51.409087706063794,Yes
ODFL,Industrials,Trucking,40.780716,9.842595,0.24818,0.44,40.780716,9.842595,0.24818,0.44,No,No,No,No,0,46.17482408223718,No
CAG,Consumer Defensive,Packaged Foods,,1.1584494,-0.25064,117.577,16.408202,1.876540833333333,0.0184933333333333,106.5365,,Yes,No,No,2,61.585590055646996,Yes
HLT,Consumer Cyclical,Lodging,47.38848,-11.487807,,,47.38848,-11.487807,,,No,No,,,0,47.66058017037432,No
BLK,Financial Services,Asset Management,27.857748,3.1822093,0.122779995,23.192,23.227159,4.3795234,0.25351500125,52.044,No,Yes,Yes,No,2,72.43233267543377,No
MTD,Healthcare,Diagnostics & Research,32.465622,2235.5625,,16668.447,40.703307125,285.9395879375,0.2203071412857142,2161.667375,Yes,No,No,,2,67.83784961583004,Yes
MOS,Basic Materials,Agricultural Inputs,,0.60395986,-0.05073,52.249,,0.60395986,-0.05073,52.249,,No,No,No,0,44.03027777357405,No
AVTR,Healthcare,Medical Instruments & Supplies,,1.6640635,-0.09701,65.678,51.75042266666667,4.860575425,0.0741550025,36.452,,Yes,No,No,2,69.58435454672076,Yes
FIS,Technology,Information Technology Services,6.442336,1.4280168,0.22348,132.51,14.9647392,-10.43693778,0.478174,142.17374999999998,Yes,No,Yes,No,3,56.69906146251491,Yes
LULU,Consumer Cyclical,Apparel Retail,9.78396,2.834989,0.32027,44.264,9.78396,2.834989,0.32027,44.264,No,No,No,No,0,48.2974540497972,No
KDP,Consumer Defensive,Beverages - Non-Alcoholic,29.923079,1.6760017,0.051,99.649,24.788931333333338,6.924831233333333,0.3288733333333333,151.37233333333333,No,Yes,Yes,No,3,54.464369256799976,Yes
ALNY,Healthcare,Biotechnology,39.09122,22.431604,0.96555,220.623,29.656065333333338,8.799849425,0.2378574925,64.49025,No,No,No,Yes,1,39.22541964330301,No
HCA,Healthcare,Medical Care Facilities,13.812143,-13.511633,,,13.812143,-13.511633,,,No,No,,,1,56.75716830405965,Yes
NTNX,Technology,Software - Infrastructure,71.52631,-24.963263,,,78.68721981818182,158.2196027153846,0.6039858355916666,4852.889666666667,Yes,Yes,,,2,80.39001504850373,No
LDOS,Technology,Information Technology Services,13.315593,3.3869283,0.27781,123.276,14.9647392,-10.43693778,0.478174,142.17374999999998,Yes,No,Yes,No,2,76.99785949486784,No
