Date,Close,Ticker
2016-12-06,42.289817810058594,ESGU
2016-12-07,42.289817810058594,ESGU
2016-12-08,42.289817810058594,ESGU
2016-12-09,42.289817810058594,ESGU
2016-12-12,42.289817810058594,ESGU
2016-12-13,43.52539825439453,ESGU
2016-12-14,43.52539825439453,ESGU
2016-12-15,43.52539825439453,ESGU
2016-12-16,43.52539825439453,ESGU
2016-12-19,43.52539825439453,ESGU
2016-12-20,43.52539825439453,ESGU
2016-12-21,43.52539825439453,ESGU
2016-12-22,43.52539825439453,ESGU
2016-12-23,43.20993423461914,ESGU
2016-12-27,43.20993423461914,ESGU
2016-12-28,43.20993423461914,ESGU
2016-12-29,43.0486946105957,ESGU
2016-12-30,43.0486946105957,ESGU
2017-01-03,43.0486946105957,ESGU
2017-01-04,43.0486946105957,ESGU
2017-01-05,43.0486946105957,ESGU
2017-01-06,43.69187545776367,ESGU
2017-01-09,43.52539825439453,ESGU
2017-01-10,43.595497131347656,ESGU
2017-01-11,43.595497131347656,ESGU
2017-01-12,43.595497131347656,ESGU
2017-01-13,43.595497131347656,ESGU
2017-01-17,43.42900085449219,ESGU
2017-01-18,43.42900085449219,ESGU
2017-01-19,43.42900085449219,ESGU
2017-01-20,43.42900085449219,ESGU
2017-01-23,43.42900085449219,ESGU
2017-01-24,43.73569869995117,ESGU
2017-01-25,43.73569869995117,ESGU
2017-01-26,43.73569869995117,ESGU
2017-01-27,43.937259674072266,ESGU
2017-01-30,43.937259674072266,ESGU
2017-01-31,43.937259674072266,ESGU
2017-02-01,43.937259674072266,ESGU
2017-02-02,43.937259674072266,ESGU
2017-02-03,43.937259674072266,ESGU
2017-02-06,43.937259674072266,ESGU
2017-02-07,44.033653259277344,ESGU
2017-02-08,44.033653259277344,ESGU
2017-02-09,44.033653259277344,ESGU
2017-02-10,44.25272750854492,ESGU
2017-02-13,44.25272750854492,ESGU
2017-02-14,44.25272750854492,ESGU
2017-02-15,44.25272750854492,ESGU
2017-02-16,44.25272750854492,ESGU
2017-02-17,44.25272750854492,ESGU
2017-02-21,44.25272750854492,ESGU
2017-02-22,44.25272750854492,ESGU
2017-02-23,44.25272750854492,ESGU
2017-02-24,44.25272750854492,ESGU
2017-02-27,45.37438201904297,ESGU
2017-02-28,45.37438201904297,ESGU
2017-03-01,45.37438201904297,ESGU
2017-03-02,45.37438201904297,ESGU
2017-03-03,45.37438201904297,ESGU
2017-03-06,45.37438201904297,ESGU
2017-03-07,45.37438201904297,ESGU
2017-03-08,45.47953796386719,ESGU
2017-03-09,45.43571472167969,ESGU
2017-03-10,45.43571472167969,ESGU
2017-03-13,45.43571472167969,ESGU
2017-03-14,45.45323944091797,ESGU
2017-03-15,45.45323944091797,ESGU
2017-03-16,45.45323944091797,ESGU
2017-03-17,45.45323944091797,ESGU
2017-03-20,45.45323944091797,ESGU
2017-03-21,45.190338134765625,ESGU
2017-03-22,45.190338134765625,ESGU
2017-03-23,45.38313674926758,ESGU
2017-03-24,45.66618728637695,ESGU
2017-03-27,45.66618728637695,ESGU
2017-03-28,45.66618728637695,ESGU
2017-03-29,45.66618728637695,ESGU
2017-03-30,45.595619201660156,ESGU
2017-03-31,45.595619201660156,ESGU
2017-04-03,45.47218322753906,ESGU
2017-04-04,45.47218322753906,ESGU
2017-04-05,45.47218322753906,ESGU
2017-04-06,45.49687576293945,ESGU
2017-04-07,45.49687576293945,ESGU
2017-04-10,45.49687576293945,ESGU
2017-04-11,45.49687576293945,ESGU
2017-04-12,45.49687576293945,ESGU
2017-04-13,45.234127044677734,ESGU
2017-04-17,45.234127044677734,ESGU
2017-04-18,45.234127044677734,ESGU
2017-04-19,45.234127044677734,ESGU
2017-04-20,45.234127044677734,ESGU
2017-04-21,45.234127044677734,ESGU
2017-04-24,45.234127044677734,ESGU
2017-04-25,46.057682037353516,ESGU
2017-04-26,46.057682037353516,ESGU
2017-04-27,46.057682037353516,ESGU
2017-04-28,46.057682037353516,ESGU
2017-05-01,46.057682037353516,ESGU
2017-05-02,46.13351058959961,ESGU
2017-05-03,46.13351058959961,ESGU
2017-05-04,46.13351058959961,ESGU
2017-05-05,46.13351058959961,ESGU
2017-05-08,46.32750701904297,ESGU
2017-05-09,46.32750701904297,ESGU
2017-05-10,46.32750701904297,ESGU
2017-05-11,46.23051071166992,ESGU
2017-05-12,46.23051071166992,ESGU
2017-05-15,46.385704040527344,ESGU
2017-05-16,46.385704040527344,ESGU
2017-05-17,46.06296157836914,ESGU
2017-05-18,46.06296157836914,ESGU
2017-05-19,46.06296157836914,ESGU
2017-05-22,46.2216796875,ESGU
2017-05-23,46.2216796875,ESGU
2017-05-24,46.45095443725586,ESGU
2017-05-25,46.45095443725586,ESGU
2017-05-26,46.71547317504883,ESGU
2017-05-30,46.71547317504883,ESGU
2017-05-31,46.71547317504883,ESGU
2017-06-01,46.71547317504883,ESGU
2017-06-02,47.17398452758789,ESGU
2017-06-05,47.18280792236328,ESGU
2017-06-06,47.18280792236328,ESGU
2017-06-07,47.18280792236328,ESGU
2017-06-08,47.03907775878906,ESGU
2017-06-09,47.03907775878906,ESGU
2017-06-12,47.03907775878906,ESGU
2017-06-13,47.20484924316406,ESGU
2017-06-14,47.20484924316406,ESGU
2017-06-15,47.00029373168945,ESGU
2017-06-16,47.05936050415039,ESGU
2017-06-19,47.05936050415039,ESGU
2017-06-20,47.341522216796875,ESGU
2017-06-21,47.341522216796875,ESGU
2017-06-22,47.341522216796875,ESGU
2017-06-23,47.25334548950195,ESGU
2017-06-26,47.25334548950195,ESGU
2017-06-27,46.96988296508789,ESGU
2017-06-28,46.96988296508789,ESGU
2017-06-29,46.96988296508789,ESGU
2017-06-30,47.09831619262695,ESGU
2017-07-03,47.09831619262695,ESGU
2017-07-05,47.09831619262695,ESGU
2017-07-06,46.859161376953125,ESGU
2017-07-07,46.859161376953125,ESGU
2017-07-10,46.859161376953125,ESGU
2017-07-11,47.03631591796875,ESGU
2017-07-12,47.03631591796875,ESGU
2017-07-13,47.03631591796875,ESGU
2017-07-14,47.03631591796875,ESGU
2017-07-17,47.03631591796875,ESGU
2017-07-18,47.669677734375,ESGU
2017-07-19,47.669677734375,ESGU
2017-07-20,47.669677734375,ESGU
2017-07-21,47.669677734375,ESGU
2017-07-24,47.669677734375,ESGU
2017-07-25,47.669677734375,ESGU
2017-07-26,48.02754211425781,ESGU
2017-07-27,48.04703140258789,ESGU
2017-07-28,48.04703140258789,ESGU
2017-07-31,47.9318733215332,ESGU
2017-08-01,47.9318733215332,ESGU
2017-08-02,47.81582260131836,ESGU
2017-08-03,47.8424072265625,ESGU
2017-08-04,47.8424072265625,ESGU
2017-08-07,47.8424072265625,ESGU
2017-08-08,48.10813522338867,ESGU
2017-08-09,48.10813522338867,ESGU
2017-08-10,48.10813522338867,ESGU
2017-08-11,47.3109245300293,ESGU
2017-08-14,47.824684143066406,ESGU
2017-08-15,47.824684143066406,ESGU
2017-08-16,47.83354187011719,ESGU
2017-08-17,47.83354187011719,ESGU
2017-08-18,47.83354187011719,ESGU
2017-08-21,47.83354187011719,ESGU
2017-08-22,47.83354187011719,ESGU
2017-08-23,47.452659606933594,ESGU
2017-08-24,47.47922897338867,ESGU
2017-08-25,47.496944427490234,ESGU
2017-08-28,47.39064025878906,ESGU
2017-08-29,47.39064025878906,ESGU
2017-08-30,47.75382995605469,ESGU
2017-08-31,47.99299240112305,ESGU
2017-09-01,48.09840774536133,ESGU
2017-09-05,48.09840774536133,ESGU
2017-09-06,48.09840774536133,ESGU
2017-09-07,47.85391616821289,ESGU
2017-09-08,47.85126876831055,ESGU
2017-09-11,48.31188201904297,ESGU
2017-09-12,48.48903274536133,ESGU
2017-09-13,48.50675582885742,ESGU
2017-09-14,48.39159393310547,ESGU
2017-09-15,48.520042419433594,ESGU
2017-09-18,48.520042419433594,ESGU
2017-09-19,48.520042419433594,ESGU
2017-09-20,48.577632904052734,ESGU
2017-09-21,48.577632904052734,ESGU
2017-09-22,48.577632904052734,ESGU
2017-09-25,48.56877517700195,ESGU
2017-09-26,48.51365280151367,ESGU
2017-09-27,48.644309997558594,ESGU
2017-09-28,48.68875503540039,ESGU
2017-09-29,48.68875503540039,ESGU
2017-10-02,48.68875503540039,ESGU
2017-10-03,49.12428283691406,ESGU
2017-10-04,49.138484954833984,ESGU
2017-10-05,49.479793548583984,ESGU
2017-10-06,49.43535614013672,ESGU
2017-10-09,49.33757019042969,ESGU
2017-10-10,49.33757019042969,ESGU
2017-10-11,49.51533508300781,ESGU
2017-10-12,49.52422332763672,ESGU
2017-10-13,49.65754699707031,ESGU
2017-10-16,49.64866638183594,ESGU
2017-10-17,49.68511199951172,ESGU
2017-10-18,49.83265686035156,ESGU
2017-10-19,49.83619689941406,ESGU
2017-10-20,49.83619689941406,ESGU
2017-10-23,49.882423400878906,ESGU
2017-10-24,50.003292083740234,ESGU
2017-10-25,49.64866638183594,ESGU
2017-10-26,49.9241828918457,ESGU
2017-10-27,50.27972412109375,ESGU
2017-10-30,50.06641387939453,ESGU
2017-10-31,50.06641387939453,ESGU
2017-11-01,50.253047943115234,ESGU
2017-11-02,50.29747772216797,ESGU
2017-11-03,50.43082046508789,ESGU
2017-11-06,50.4654655456543,ESGU
2017-11-07,50.413028717041016,ESGU
2017-11-08,50.54635238647461,ESGU
2017-11-09,50.30638122558594,ESGU
2017-11-10,50.29747772216797,ESGU
2017-11-13,50.253047943115234,ESGU
2017-11-14,50.181053161621094,ESGU
2017-11-15,50.003292083740234,ESGU
2017-11-16,50.368587493896484,ESGU
2017-11-17,50.226383209228516,ESGU
2017-11-20,50.261940002441406,ESGU
2017-11-21,50.57301712036133,ESGU
2017-11-22,50.57212448120117,ESGU
2017-11-24,50.661895751953125,ESGU
2017-11-27,50.676116943359375,ESGU
2017-11-28,51.088531494140625,ESGU
2017-11-29,51.11518096923828,ESGU
2017-11-30,51.55869674682617,ESGU
2017-12-01,51.355167388916016,ESGU
2017-12-04,51.49737548828125,ESGU
2017-12-05,51.27873229980469,ESGU
2017-12-06,51.27873229980469,ESGU
2017-12-07,51.23073196411133,ESGU
2017-12-08,51.452938079833984,ESGU
2017-12-11,51.63958740234375,ESGU
2017-12-12,51.72846984863281,ESGU
2017-12-13,51.852901458740234,ESGU
2017-12-14,51.586246490478516,ESGU
2017-12-15,52.03955078125,ESGU
2017-12-18,52.230628967285156,ESGU
2017-12-19,52.074283599853516,ESGU
2017-12-20,52.09124755859375,ESGU
2017-12-21,52.235103607177734,ESGU
2017-12-22,52.11894989013672,ESGU
2017-12-26,52.07337951660156,ESGU
2017-12-27,52.074283599853516,ESGU
2017-12-28,52.14575958251953,ESGU
2017-12-29,52.11894989013672,ESGU
2018-01-02,52.235103607177734,ESGU
2018-01-03,52.6818733215332,ESGU
2018-01-04,52.95885467529297,ESGU
2018-01-05,53.20011520385742,ESGU
2018-01-08,53.36362075805664,ESGU
2018-01-09,53.62006378173828,ESGU
2018-01-10,53.21799087524414,ESGU
2018-01-11,53.5235595703125,ESGU
2018-01-12,54.0936279296875,ESGU
2018-01-16,54.03644561767578,ESGU
2018-01-17,54.53591537475586,ESGU
2018-01-18,54.513587951660156,ESGU
2018-01-19,54.51536560058594,ESGU
2018-01-22,54.987144470214844,ESGU
2018-01-23,55.19266128540039,ESGU
2018-01-24,55.219459533691406,ESGU
2018-01-25,55.219459533691406,ESGU
2018-01-26,55.88066482543945,ESGU
2018-01-29,55.76451110839844,ESGU
2018-01-30,55.013954162597656,ESGU
2018-01-31,55.08543395996094,ESGU
2018-02-01,55.00502014160156,ESGU
2018-02-02,53.81216812133789,ESGU
2018-02-05,51.8240966796875,ESGU
2018-02-06,51.59803771972656,ESGU
2018-02-07,52.77927780151367,ESGU
2018-02-08,51.32371520996094,ESGU
2018-02-09,50.63570022583008,ESGU
2018-02-12,52.0474739074707,ESGU
2018-02-13,51.90897750854492,ESGU
2018-02-14,52.66400146484375,ESGU
2018-02-15,53.10094451904297,ESGU
2018-02-16,53.293922424316406,ESGU
2018-02-20,53.25371170043945,ESGU
2018-02-21,53.59326171875,ESGU
2018-02-22,52.905250549316406,ESGU
2018-02-23,53.18491744995117,ESGU
2018-02-26,53.98640823364258,ESGU
2018-02-27,53.6915397644043,ESGU
2018-02-28,53.13756561279297,ESGU
2018-03-01,52.33339309692383,ESGU
2018-03-02,52.378074645996094,ESGU
2018-03-05,53.2269172668457,ESGU
2018-03-06,53.29839324951172,ESGU
2018-03-07,53.35200119018555,ESGU
2018-03-08,53.52178955078125,ESGU
2018-03-09,54.47337341308594,ESGU
2018-03-12,54.53144073486328,ESGU
2018-03-13,54.109703063964844,ESGU
2018-03-14,53.83451461791992,ESGU
2018-03-15,53.85237121582031,ESGU
2018-03-16,54.031089782714844,ESGU
2018-03-19,53.11075973510742,ESGU
2018-03-20,53.25371170043945,ESGU
2018-03-21,53.35200119018555,ESGU
2018-03-22,52.6717643737793,ESGU
2018-03-23,50.801326751708984,ESGU
2018-03-26,52.05335998535156,ESGU
2018-03-27,51.1929817199707,ESGU
2018-03-28,51.121273040771484,ESGU
2018-03-29,51.79436111450195,ESGU
2018-04-02,50.556644439697266,ESGU
2018-04-03,51.089019775390625,ESGU
2018-04-04,51.82930374145508,ESGU
2018-04-05,52.05515670776367,ESGU
2018-04-06,50.81656265258789,ESGU
2018-04-09,51.13920211791992,ESGU
2018-04-10,52.08026123046875,ESGU
2018-04-11,51.838260650634766,ESGU
2018-04-12,52.34912109375,ESGU
2018-04-13,52.24156951904297,ESGU
2018-04-16,52.5821533203125,ESGU
2018-04-17,53.14677047729492,ESGU
2018-04-18,53.28120803833008,ESGU
2018-04-19,52.833091735839844,ESGU
2018-04-20,52.36345672607422,ESGU
2018-04-23,52.3939323425293,ESGU
2018-04-24,51.560428619384766,ESGU
2018-04-25,51.79166030883789,ESGU
2018-04-26,52.49251174926758,ESGU
2018-04-27,52.34373474121094,ESGU
2018-04-30,52.34373474121094,ESGU
2018-05-01,52.34373474121094,ESGU
2018-05-02,52.03544235229492,ESGU
2018-05-03,51.596282958984375,ESGU
2018-05-04,52.34016036987305,ESGU
2018-05-07,52.57945251464844,ESGU
2018-05-08,52.40289306640625,ESGU
2018-05-09,52.90479278564453,ESGU
2018-05-10,53.44163131713867,ESGU
2018-05-11,53.51422119140625,ESGU
2018-05-14,53.51333236694336,ESGU
2018-05-15,53.10911560058594,ESGU
2018-05-16,53.33498001098633,ESGU
2018-05-17,53.20950698852539,ESGU
2018-05-18,53.245357513427734,ESGU
2018-05-21,53.54289627075195,ESGU
2018-05-22,53.70243453979492,ESGU
2018-05-23,53.60383987426758,ESGU
2018-05-24,53.550079345703125,ESGU
2018-05-25,53.40669631958008,ESGU
2018-05-29,52.716575622558594,ESGU
2018-05-30,53.50526809692383,ESGU
2018-05-31,53.17365264892578,ESGU
2018-06-01,53.68452072143555,ESGU
2018-06-04,53.98027801513672,ESGU
2018-06-05,53.998199462890625,ESGU
2018-06-06,54.392539978027344,ESGU
2018-06-07,54.41942596435547,ESGU
2018-06-08,54.58970642089844,ESGU
2018-06-11,54.768959045410156,ESGU
2018-06-12,54.70622634887695,ESGU
2018-06-13,54.70622634887695,ESGU
2018-06-14,54.72414779663086,ESGU
2018-06-15,54.6524543762207,ESGU
2018-06-18,54.625553131103516,ESGU
2018-06-19,54.3253173828125,ESGU
2018-06-20,54.517112731933594,ESGU
2018-06-21,54.18640899658203,ESGU
2018-06-22,54.3065071105957,ESGU
2018-06-25,53.245357513427734,ESGU
2018-06-26,53.78072738647461,ESGU
2018-06-27,53.52880096435547,ESGU
2018-06-28,53.48829650878906,ESGU
2018-06-29,53.88870620727539,ESGU
2018-07-02,53.469398498535156,ESGU
2018-07-03,53.60077667236328,ESGU
2018-07-05,53.969696044921875,ESGU
2018-07-06,54.473575592041016,ESGU
2018-07-09,54.797508239746094,ESGU
2018-07-10,55.07643127441406,ESGU
2018-07-11,54.716514587402344,ESGU
2018-07-12,55.175411224365234,ESGU
2018-07-13,55.27439498901367,ESGU
2018-07-16,55.18891525268555,ESGU
2018-07-17,55.48134231567383,ESGU
2018-07-18,55.5533332824707,ESGU
2018-07-19,55.38237380981445,ESGU
2018-07-20,55.31758117675781,ESGU
2018-07-23,55.40936279296875,ESGU
2018-07-24,55.44984817504883,ESGU
2018-07-25,55.886260986328125,ESGU
2018-07-26,56.04821014404297,ESGU
2018-07-27,55.56412124633789,ESGU
2018-07-30,55.28338623046875,ESGU
2018-07-31,55.63881301879883,ESGU
2018-08-01,55.58211898803711,ESGU
2018-08-02,55.875450134277344,ESGU
2018-08-03,56.147186279296875,ESGU
2018-08-06,56.36943435668945,ESGU
2018-08-07,56.60609436035156,ESGU
2018-08-08,56.543094635009766,ESGU
2018-08-09,56.491825103759766,ESGU
2018-08-10,55.929443359375,ESGU
2018-08-13,55.81426239013672,ESGU
2018-08-14,56.10310363769531,ESGU
2018-08-15,55.71530532836914,ESGU
2018-08-16,56.12019729614258,ESGU
2018-08-17,56.35414505004883,ESGU
2018-08-20,56.49810028076172,ESGU
2018-08-21,56.70506286621094,ESGU
2018-08-22,56.62409210205078,ESGU
2018-08-23,56.58179473876953,ESGU
2018-08-24,56.895809173583984,ESGU
2018-08-27,57.35291290283203,ESGU
2018-08-28,57.37991714477539,ESGU
2018-08-29,57.721839904785156,ESGU
2018-08-30,57.46989440917969,ESGU
2018-08-31,57.34391784667969,ESGU
2018-09-04,57.40690231323242,ESGU
2018-09-05,57.2269401550293,ESGU
2018-09-06,57.07938003540039,ESGU
2018-09-07,56.84273147583008,ESGU
2018-09-10,57.05598831176758,ESGU
2018-09-11,57.235939025878906,ESGU
2018-09-12,57.2269401550293,ESGU
2018-09-13,57.51488494873047,ESGU
2018-09-14,57.6048583984375,ESGU
2018-09-17,57.244937896728516,ESGU
2018-09-18,57.55087661743164,ESGU
2018-09-19,57.5418701171875,ESGU
2018-09-20,58.153724670410156,ESGU
2018-09-21,58.06376647949219,ESGU
2018-09-24,57.87479782104492,ESGU
2018-09-25,57.738033294677734,ESGU
2018-09-26,57.5411376953125,ESGU
2018-09-27,57.83918380737305,ESGU
2018-09-28,57.775970458984375,ESGU
2018-10-01,57.85272979736328,ESGU
2018-10-02,57.97466278076172,ESGU
2018-10-03,57.93852996826172,ESGU
2018-10-04,57.43274688720703,ESGU
2018-10-05,57.10761260986328,ESGU
2018-10-08,57.026329040527344,ESGU
2018-10-09,57.020912170410156,ESGU
2018-10-10,55.434940338134766,ESGU
2018-10-11,54.01877212524414,ESGU
2018-10-12,54.687110900878906,ESGU
2018-10-15,54.33487319946289,ESGU
2018-10-16,55.508995056152344,ESGU
2018-10-17,55.34461975097656,ESGU
2018-10-18,54.6690559387207,ESGU
2018-10-19,54.6419563293457,ESGU
2018-10-22,54.361968994140625,ESGU
2018-10-23,54.07295227050781,ESGU
2018-10-24,52.429176330566406,ESGU
2018-10-25,53.35945129394531,ESGU
2018-10-26,52.38402557373047,ESGU
2018-10-29,52.09502029418945,ESGU
2018-10-30,52.651363372802734,ESGU
2018-10-31,53.83452606201172,ESGU
2018-11-01,54.07295227050781,ESGU
2018-11-02,53.72072219848633,ESGU
2018-11-05,54.063934326171875,ESGU
2018-11-06,54.203914642333984,ESGU
2018-11-07,55.55415725708008,ESGU
2018-11-08,55.2786865234375,ESGU
2018-11-09,54.86774444580078,ESGU
2018-11-12,54.036827087402344,ESGU
2018-11-13,53.892311096191406,ESGU
2018-11-14,53.48588562011719,ESGU
2018-11-15,54.08198928833008,ESGU
2018-11-16,54.199398040771484,ESGU
2018-11-19,53.30525588989258,ESGU
2018-11-20,52.347900390625,ESGU
2018-11-21,52.555625915527344,ESGU
2018-11-23,52.45627212524414,ESGU
2018-11-26,53.08849334716797,ESGU
2018-11-27,53.30525588989258,ESGU
2018-11-28,54.5064811706543,ESGU
2018-11-29,54.30778121948242,ESGU
2018-11-30,54.705169677734375,ESGU
2018-12-03,55.30126953125,ESGU
2018-12-04,53.56718444824219,ESGU
2018-12-06,53.65748977661133,ESGU
2018-12-07,52.320804595947266,ESGU
2018-12-10,52.40208435058594,ESGU
2018-12-11,52.40208435058594,ESGU
2018-12-12,52.89430236816406,ESGU
2018-12-13,52.51498794555664,ESGU
2018-12-14,51.6551628112793,ESGU
2018-12-17,50.431365966796875,ESGU
2018-12-18,50.631103515625,ESGU
2018-12-19,49.932037353515625,ESGU
2018-12-20,48.95156478881836,ESGU
2018-12-21,47.980167388916016,ESGU
2018-12-24,46.73640823364258,ESGU
2018-12-26,49.1149787902832,ESGU
2018-12-27,49.22392272949219,ESGU
2018-12-28,49.3011474609375,ESGU
2018-12-31,49.909915924072266,ESGU
2019-01-02,49.72820281982422,ESGU
2019-01-03,48.57427215576172,ESGU
2019-01-04,50.34605026245117,ESGU
2019-01-07,50.67316436767578,ESGU
2019-01-08,51.24557876586914,ESGU
2019-01-09,51.381866455078125,ESGU
2019-01-10,51.5908317565918,ESGU
2019-01-11,51.586307525634766,ESGU
2019-01-14,51.41822052001953,ESGU
2019-01-15,51.89068603515625,ESGU
2019-01-16,52.026981353759766,ESGU
2019-01-17,52.4267692565918,ESGU
2019-01-18,52.98012161254883,ESGU
2019-01-22,52.24505615234375,ESGU
2019-01-23,52.51762008666992,ESGU
2019-01-24,52.535804748535156,ESGU
2019-01-25,52.95376968383789,ESGU
2019-01-28,52.608497619628906,ESGU
2019-01-29,52.48128128051758,ESGU
2019-01-30,53.335391998291016,ESGU
2019-01-31,53.81694030761719,ESGU
2019-02-01,53.7896842956543,ESGU
2019-02-04,54.0659065246582,ESGU
2019-02-05,54.44843292236328,ESGU
2019-02-06,54.42570877075195,ESGU
2019-02-07,53.898719787597656,ESGU
2019-02-08,53.835121154785156,ESGU
2019-02-11,54.06227111816406,ESGU
2019-02-12,54.689208984375,ESGU
2019-02-13,54.95270919799805,ESGU
2019-02-14,54.88909912109375,ESGU
2019-02-15,55.2570915222168,ESGU
2019-02-19,55.47970962524414,ESGU
2019-02-20,55.53422546386719,ESGU
2019-02-21,55.26799392700195,ESGU
2019-02-22,55.6977653503418,ESGU
2019-02-25,55.815887451171875,ESGU
2019-02-26,55.8431396484375,ESGU
2019-02-27,55.82497024536133,ESGU
2019-02-28,55.661415100097656,ESGU
2019-03-01,55.970333099365234,ESGU
2019-03-04,55.66960525512695,ESGU
2019-03-05,55.743186950683594,ESGU
2019-03-06,55.35248565673828,ESGU
2019-03-07,54.74372482299805,ESGU
2019-03-08,54.73191833496094,ESGU
2019-03-11,55.57964324951172,ESGU
2019-03-12,55.743186950683594,ESGU
2019-03-13,56.188419342041016,ESGU
2019-03-14,56.16023635864258,ESGU
2019-03-15,56.43374252319336,ESGU
2019-03-18,56.66090393066406,ESGU
2019-03-19,56.560935974121094,ESGU
2019-03-20,56.510799407958984,ESGU
2019-03-21,57.162750244140625,ESGU
2019-03-22,56.050315856933594,ESGU
2019-03-25,55.97736740112305,ESGU
2019-03-26,56.396812438964844,ESGU
2019-03-27,56.09591293334961,ESGU
2019-03-28,56.28738784790039,ESGU
2019-03-29,56.6612434387207,ESGU
2019-04-01,57.342384338378906,ESGU
2019-04-02,57.4727783203125,ESGU
2019-04-03,57.454532623291016,ESGU
2019-04-04,57.58219528198242,ESGU
2019-04-05,57.86486053466797,ESGU
2019-04-08,58.03812026977539,ESGU
2019-04-09,57.600433349609375,ESGU
2019-04-10,57.88311004638672,ESGU
2019-04-11,57.928688049316406,ESGU
2019-04-12,58.311668395996094,ESGU
2019-04-15,58.28430938720703,ESGU
2019-04-16,58.36637496948242,ESGU
2019-04-17,58.12929153442383,ESGU
2019-04-18,58.267887115478516,ESGU
2019-04-22,58.35725402832031,ESGU
2019-04-23,58.83140182495117,ESGU
2019-04-24,58.822288513183594,ESGU
2019-04-25,58.758453369140625,ESGU
2019-04-26,58.84965133666992,ESGU
2019-04-29,59.059356689453125,ESGU
2019-04-30,59.13230895996094,ESGU
2019-05-01,58.63081359863281,ESGU
2019-05-02,58.411956787109375,ESGU
2019-05-03,59.05571746826172,ESGU
2019-05-06,58.84053421020508,ESGU
2019-05-07,57.855743408203125,ESGU
2019-05-08,58.00164031982422,ESGU
2019-05-09,57.61866760253906,ESGU
2019-05-10,57.563961029052734,ESGU
2019-05-13,56.369468688964844,ESGU
2019-05-14,56.907440185546875,ESGU
2019-05-15,57.24208068847656,ESGU
2019-05-16,57.728084564208984,ESGU
2019-05-17,57.42627716064453,ESGU
2019-05-20,57.02598190307617,ESGU
2019-05-21,57.49101257324219,ESGU
2019-05-22,57.41167068481445,ESGU
2019-05-23,56.622947692871094,ESGU
2019-05-24,56.67948532104492,ESGU
2019-05-28,56.328426361083984,ESGU
2019-05-29,55.93177795410156,ESGU
2019-05-30,55.9044303894043,ESGU
2019-05-31,55.29349136352539,ESGU
2019-06-03,55.16585159301758,ESGU
2019-06-04,56.15974044799805,ESGU
2019-06-05,56.75243377685547,ESGU
2019-06-06,57.12628173828125,ESGU
2019-06-07,57.76456069946289,ESGU
2019-06-10,58.12929153442383,ESGU
2019-06-11,58.010746002197266,ESGU
2019-06-12,57.902252197265625,ESGU
2019-06-13,58.1384162902832,ESGU
2019-06-14,58.101951599121094,ESGU
2019-06-17,58.087276458740234,ESGU
2019-06-18,58.67356491088867,ESGU
2019-06-19,58.97586441040039,ESGU
2019-06-20,59.38716506958008,ESGU
2019-06-21,59.43296813964844,ESGU
2019-06-24,59.29189682006836,ESGU
2019-06-25,58.69187927246094,ESGU
2019-06-26,58.65157699584961,ESGU
2019-06-27,58.87509536743164,ESGU
2019-06-28,59.11326599121094,ESGU
2019-07-01,59.73618698120117,ESGU
2019-07-02,59.690372467041016,ESGU
2019-07-03,60.20978546142578,ESGU
2019-07-05,60.12092971801758,ESGU
2019-07-08,59.91939926147461,ESGU
2019-07-09,59.94687271118164,ESGU
2019-07-10,60.179561614990234,ESGU
2019-07-11,60.227195739746094,ESGU
2019-07-12,60.57712936401367,ESGU
2019-07-15,60.64309310913086,ESGU
2019-07-16,60.496517181396484,ESGU
2019-07-17,60.126426696777344,ESGU
2019-07-18,60.22170639038086,ESGU
2019-07-19,59.965206146240234,ESGU
2019-07-22,60.07514572143555,ESGU
2019-07-23,60.458038330078125,ESGU
2019-07-24,60.81713104248047,ESGU
2019-07-25,60.43239212036133,ESGU
2019-07-26,60.872100830078125,ESGU
2019-07-29,60.844627380371094,ESGU
2019-07-30,60.67057800292969,ESGU
2019-07-31,60.22170639038086,ESGU
2019-08-01,59.64458084106445,ESGU
2019-08-02,58.833866119384766,ESGU
2019-08-05,57.35444259643555,ESGU
2019-08-06,57.96819305419922,ESGU
2019-08-07,58.04148483276367,ESGU
2019-08-08,59.16823196411133,ESGU
2019-08-09,58.84761047363281,ESGU
2019-08-12,58.01858139038086,ESGU
2019-08-13,58.859527587890625,ESGU
2019-08-14,57.3297004699707,ESGU
2019-08-15,57.35444259643555,ESGU
2019-08-16,58.12393569946289,ESGU
2019-08-19,58.91630935668945,ESGU
2019-08-20,58.407901763916016,ESGU
2019-08-21,58.86042785644531,ESGU
2019-08-22,58.82930374145508,ESGU
2019-08-23,57.35444259643555,ESGU
2019-08-26,58.00483322143555,ESGU
2019-08-27,57.84910202026367,ESGU
2019-08-28,58.18804931640625,ESGU
2019-08-29,58.95753860473633,ESGU
2019-08-30,58.91173553466797,ESGU
2019-09-03,58.57279586791992,ESGU
2019-09-04,59.204864501953125,ESGU
2019-09-05,60.01101303100586,ESGU
2019-09-06,60.084285736083984,ESGU
2019-09-09,60.065975189208984,ESGU
2019-09-10,59.98352813720703,ESGU
2019-09-11,60.3682746887207,ESGU
2019-09-12,60.77131652832031,ESGU
2019-09-13,60.67057800292969,ESGU
2019-09-16,60.491943359375,ESGU
2019-09-17,60.612850189208984,ESGU
2019-09-18,60.59727478027344,ESGU
2019-09-19,60.6064453125,ESGU
2019-09-20,60.414066314697266,ESGU
2019-09-23,60.3682746887207,ESGU
2019-09-24,59.802101135253906,ESGU
2019-09-25,60.226959228515625,ESGU
2019-09-26,60.120513916015625,ESGU
2019-09-27,59.75347900390625,ESGU
2019-09-30,59.982887268066406,ESGU
2019-10-01,59.386451721191406,ESGU
2019-10-02,58.21927261352539,ESGU
2019-10-03,58.817535400390625,ESGU
2019-10-04,59.52409362792969,ESGU
2019-10-07,59.38187026977539,ESGU
2019-10-08,58.349571228027344,ESGU
2019-10-09,58.91297149658203,ESGU
2019-10-10,59.25615692138672,ESGU
2019-10-11,60.028751373291016,ESGU
2019-10-14,59.91865921020508,ESGU
2019-10-15,60.5426139831543,ESGU
2019-10-16,60.34074401855469,ESGU
2019-10-17,60.533443450927734,ESGU
2019-10-18,60.25814437866211,ESGU
2019-10-21,60.73530197143555,ESGU
2019-10-22,60.51966857910156,ESGU
2019-10-23,60.66189956665039,ESGU
2019-10-24,60.836246490478516,ESGU
2019-10-25,61.148216247558594,ESGU
2019-10-28,61.60702133178711,ESGU
2019-10-29,61.50608825683594,ESGU
2019-10-30,61.67124938964844,ESGU
2019-10-31,61.52444076538086,ESGU
2019-11-01,62.01074981689453,ESGU
2019-11-04,62.39615249633789,ESGU
2019-11-05,62.25849914550781,ESGU
2019-11-06,62.304378509521484,ESGU
2019-11-07,62.47871398925781,ESGU
2019-11-08,62.71730041503906,ESGU
2019-11-11,62.56130599975586,ESGU
2019-11-12,62.688865661621094,ESGU
2019-11-13,62.71271514892578,ESGU
2019-11-14,62.81365203857422,ESGU
2019-11-15,63.2375602722168,ESGU
2019-11-18,63.34126281738281,ESGU
2019-11-19,63.43761444091797,ESGU
2019-11-20,63.121952056884766,ESGU
2019-11-21,63.08433151245117,ESGU
2019-11-22,63.15776443481445,ESGU
2019-11-25,63.64407730102539,ESGU
2019-11-26,63.85051345825195,ESGU
2019-11-27,64.13037872314453,ESGU
2019-11-29,63.85237121582031,ESGU
2019-12-02,63.249507904052734,ESGU
2019-12-03,62.8641242980957,ESGU
2019-12-04,63.34860610961914,ESGU
2019-12-05,63.37981033325195,ESGU
2019-12-06,63.99275588989258,ESGU
2019-12-09,63.75416946411133,ESGU
2019-12-10,63.69453811645508,ESGU
2019-12-11,63.864295959472656,ESGU
2019-12-12,64.44239044189453,ESGU
2019-12-13,64.4515380859375,ESGU
2019-12-16,64.91326141357422,ESGU
2019-12-17,64.88101196289062,ESGU
2019-12-18,64.97317504882812,ESGU
2019-12-19,65.1777572631836,ESGU
2019-12-20,65.61460876464844,ESGU
2019-12-23,65.62567901611328,ESGU
2019-12-24,65.62844848632812,ESGU
2019-12-26,66.01458740234375,ESGU
2019-12-27,65.99613952636719,ESGU
2019-12-30,65.57768249511719,ESGU
2019-12-31,65.73899841308594,ESGU
2020-01-02,66.33718872070312,ESGU
2020-01-03,65.9546890258789,ESGU
2020-01-06,66.15838623046875,ESGU
2020-01-07,65.98786163330078,ESGU
2020-01-08,66.33812713623047,ESGU
2020-01-09,66.79806518554688,ESGU
2020-01-10,66.56855773925781,ESGU
2020-01-13,67.17414093017578,ESGU
2020-01-14,67.10318756103516,ESGU
2020-01-15,67.21379089355469,ESGU
2020-01-16,67.8036880493164,ESGU
2020-01-17,68.0249252319336,ESGU
2020-01-21,67.94194793701172,ESGU
2020-01-22,67.98804473876953,ESGU
2020-01-23,68.06179809570312,ESGU
2020-01-24,67.47187042236328,ESGU
2020-01-27,66.4671859741211,ESGU
2020-01-28,67.14924621582031,ESGU
2020-01-29,67.0755386352539,ESGU
2020-01-30,67.388916015625,ESGU
2020-01-31,66.1629867553711,ESGU
2020-02-03,66.7621078491211,ESGU
2020-02-04,67.83135223388672,ESGU
2020-02-05,68.46736907958984,ESGU
2020-02-06,68.62406921386719,ESGU
2020-02-07,68.36597442626953,ESGU
2020-02-10,68.82684326171875,ESGU
2020-02-11,68.99275970458984,ESGU
2020-02-12,69.3983154296875,ESGU
2020-02-13,69.34303283691406,ESGU
2020-02-14,69.48127746582031,ESGU
2020-02-18,69.3245849609375,ESGU
2020-02-19,69.6656265258789,ESGU
2020-02-20,69.3983154296875,ESGU
2020-02-21,68.61485290527344,ESGU
2020-02-24,66.40264129638672,ESGU
2020-02-25,64.41166687011719,ESGU
2020-02-26,64.14437866210938,ESGU
2020-02-27,61.277732849121094,ESGU
2020-02-28,60.881378173828125,ESGU
2020-03-02,63.54524612426758,ESGU
2020-03-03,61.87686538696289,ESGU
2020-03-04,64.46697235107422,ESGU
2020-03-05,62.42991638183594,ESGU
2020-03-06,61.19477462768555,ESGU
2020-03-09,56.55839157104492,ESGU
2020-03-10,59.305198669433594,ESGU
2020-03-11,56.466217041015625,ESGU
2020-03-12,50.99103927612305,ESGU
2020-03-13,55.83020782470703,ESGU
2020-03-16,49.129112243652344,ESGU
2020-03-17,52.355224609375,ESGU
2020-03-18,49.66371536254883,ESGU
2020-03-19,49.88494110107422,ESGU
2020-03-20,47.61743927001953,ESGU
2020-03-23,46.068912506103516,ESGU
2020-03-24,50.53477478027344,ESGU
2020-03-25,51.18770217895508,ESGU
2020-03-26,54.05873489379883,ESGU
2020-03-27,52.52134323120117,ESGU
2020-03-30,54.281005859375,ESGU
2020-03-31,53.243736267089844,ESGU
2020-04-01,51.01173400878906,ESGU
2020-04-02,52.17867660522461,ESGU
2020-04-03,51.44239044189453,ESGU
2020-04-06,54.89225769042969,ESGU
2020-04-07,54.9848747253418,ESGU
2020-04-08,56.74453353881836,ESGU
2020-04-09,57.78180694580078,ESGU
2020-04-13,57.13351058959961,ESGU
2020-04-14,58.9487419128418,ESGU
2020-04-15,57.59658432006836,ESGU
2020-04-16,57.948516845703125,ESGU
2020-04-17,59.421085357666016,ESGU
2020-04-20,58.513458251953125,ESGU
2020-04-21,56.56856918334961,ESGU
2020-04-22,57.948516845703125,ESGU
2020-04-23,57.911468505859375,ESGU
2020-04-24,58.7449951171875,ESGU
2020-04-27,59.62483596801758,ESGU
2020-04-28,59.300682067871094,ESGU
2020-04-29,60.976985931396484,ESGU
2020-04-30,60.31943893432617,ESGU
2020-05-01,58.7449951171875,ESGU
2020-05-04,58.98579406738281,ESGU
2020-05-05,59.48591232299805,ESGU
2020-05-06,59.1710205078125,ESGU
2020-05-07,59.948970794677734,ESGU
2020-05-08,60.96773147583008,ESGU
2020-05-11,61.06033706665039,ESGU
2020-05-12,59.800804138183594,ESGU
2020-05-13,58.7357292175293,ESGU
2020-05-14,59.48591232299805,ESGU
2020-05-15,59.78226852416992,ESGU
2020-05-18,61.55120086669922,ESGU
2020-05-19,60.85659408569336,ESGU
2020-05-20,61.921634674072266,ESGU
2020-05-21,61.45858383178711,ESGU
2020-05-22,61.625282287597656,ESGU
2020-05-26,62.412513732910156,ESGU
2020-05-27,63.33863830566406,ESGU
2020-05-28,63.23676681518555,ESGU
2020-05-29,63.43124771118164,ESGU
2020-06-01,63.82949447631836,ESGU
2020-06-02,64.33887481689453,ESGU
2020-06-03,65.19091796875,ESGU
2020-06-04,64.93161010742188,ESGU
2020-06-05,66.46900177001953,ESGU
2020-06-08,67.30252838134766,ESGU
2020-06-09,66.90428161621094,ESGU
2020-06-10,66.49677276611328,ESGU
2020-06-11,62.74592208862305,ESGU
2020-06-12,63.51461410522461,ESGU
2020-06-15,64.17927551269531,ESGU
2020-06-16,65.30408477783203,ESGU
2020-06-17,65.12745666503906,ESGU
2020-06-18,65.21112060546875,ESGU
2020-06-19,64.85787200927734,ESGU
2020-06-22,65.3133773803711,ESGU
2020-06-23,65.58296966552734,ESGU
2020-06-24,63.928287506103516,ESGU
2020-06-25,64.66265869140625,ESGU
2020-06-26,63.17531967163086,ESGU
2020-06-29,63.993343353271484,ESGU
2020-06-30,65.06239318847656,ESGU
2020-07-01,65.45282745361328,ESGU
2020-07-02,65.76888275146484,ESGU
2020-07-06,66.89368438720703,ESGU
2020-07-07,66.20579528808594,ESGU
2020-07-08,66.74494934082031,ESGU
2020-07-09,66.42889404296875,ESGU
2020-07-10,67.09819793701172,ESGU
2020-07-13,66.37311553955078,ESGU
2020-07-14,67.28691864013672,ESGU
2020-07-15,67.93486022949219,ESGU
2020-07-16,67.69315338134766,ESGU
2020-07-17,67.88835906982422,ESGU
2020-07-20,68.52976989746094,ESGU
2020-07-21,68.55765533447266,ESGU
2020-07-22,68.99458312988281,ESGU
2020-07-23,68.13004302978516,ESGU
2020-07-24,67.63738250732422,ESGU
2020-07-27,68.15794372558594,ESGU
2020-07-28,67.69315338134766,ESGU
2020-07-29,68.6134262084961,ESGU
2020-07-30,68.3624496459961,ESGU
2020-07-31,68.92021179199219,ESGU
2020-08-03,69.45008087158203,ESGU
2020-08-04,69.71037292480469,ESGU
2020-08-05,70.13797760009766,ESGU
2020-08-06,70.58417510986328,ESGU
2020-08-07,70.6027603149414,ESGU
2020-08-10,70.69573211669922,ESGU
2020-08-11,70.09150695800781,ESGU
2020-08-12,71.16983032226562,ESGU
2020-08-13,71.13265228271484,ESGU
2020-08-14,71.12335968017578,ESGU
2020-08-17,71.3929443359375,ESGU
2020-08-18,71.60581970214844,ESGU
2020-08-19,71.31857299804688,ESGU
2020-08-20,71.60673522949219,ESGU
2020-08-21,71.87633514404297,ESGU
2020-08-24,72.48056030273438,ESGU
2020-08-25,72.79661560058594,ESGU
2020-08-26,73.62393188476562,ESGU
2020-08-27,73.74478912353516,ESGU
2020-08-28,74.2002944946289,ESGU
2020-08-31,74.0701675415039,ESGU
2020-09-01,74.7673568725586,ESGU
2020-09-02,75.81778717041016,ESGU
2020-09-03,72.98252868652344,ESGU
2020-09-04,72.322509765625,ESGU
2020-09-08,70.2309341430664,ESGU
2020-09-09,71.65320587158203,ESGU
2020-09-10,70.46336364746094,ESGU
2020-09-11,70.48194122314453,ESGU
2020-09-14,71.43940734863281,ESGU
2020-09-15,71.87633514404297,ESGU
2020-09-16,71.56025695800781,ESGU
2020-09-17,70.93743133544922,ESGU
2020-09-18,70.21234130859375,ESGU
2020-09-21,69.54304504394531,ESGU
2020-09-22,70.17515563964844,ESGU
2020-09-23,68.47039031982422,ESGU
2020-09-24,68.56371307373047,ESGU
2020-09-25,69.8607177734375,ESGU
2020-09-28,70.98973846435547,ESGU
2020-09-29,70.60716247558594,ESGU
2020-09-30,71.1110610961914,ESGU
2020-10-01,71.5682601928711,ESGU
2020-10-02,70.96176147460938,ESGU
2020-10-05,72.19345092773438,ESGU
2020-10-06,71.26034545898438,ESGU
2020-10-07,72.52001190185547,ESGU
2020-10-08,73.1358413696289,ESGU
2020-10-09,73.8170166015625,ESGU
2020-10-12,74.94607543945312,ESGU
2020-10-13,74.55416870117188,ESGU
2020-10-14,74.14360046386719,ESGU
2020-10-15,74.07829284667969,ESGU
2020-10-16,74.0129623413086,ESGU
2020-10-19,72.90259552001953,ESGU
2020-10-20,73.14521026611328,ESGU
2020-10-21,72.97724151611328,ESGU
2020-10-22,73.39713287353516,ESGU
2020-10-23,73.55574798583984,ESGU
2020-10-26,72.21210479736328,ESGU
2020-10-27,72.0721435546875,ESGU
2020-10-28,69.5901107788086,ESGU
2020-10-29,70.28060150146484,ESGU
2020-10-30,69.45014953613281,ESGU
2020-11-02,70.23394775390625,ESGU
2020-11-03,71.51226806640625,ESGU
2020-11-04,73.07988739013672,ESGU
2020-11-05,74.61947631835938,ESGU
2020-11-06,74.70346069335938,ESGU
2020-11-09,75.46861267089844,ESGU
2020-11-10,75.281982421875,ESGU
2020-11-11,75.87916564941406,ESGU
2020-11-12,75.18867492675781,ESGU
2020-11-13,76.1777572631836,ESGU
2020-11-16,77.09217834472656,ESGU
2020-11-17,76.80292510986328,ESGU
2020-11-18,76.00979614257812,ESGU
2020-11-19,76.42037963867188,ESGU
2020-11-20,75.93514251708984,ESGU
2020-11-23,76.45768737792969,ESGU
2020-11-24,77.65203857421875,ESGU
2020-11-25,77.64273071289062,ESGU
2020-11-27,77.9786148071289,ESGU
2020-11-30,77.59606170654297,ESGU
2020-12-01,78.36119842529297,ESGU
2020-12-02,78.46382141113281,ESGU
2020-12-03,78.44517517089844,ESGU
2020-12-04,79.18231964111328,ESGU
2020-12-07,79.107666015625,ESGU
2020-12-08,79.38762664794922,ESGU
2020-12-09,78.55713653564453,ESGU
2020-12-10,78.60377502441406,ESGU
2020-12-11,78.48248291015625,ESGU
2020-12-14,78.25028228759766,ESGU
2020-12-15,79.26152801513672,ESGU
2020-12-16,79.34580993652344,ESGU
2020-12-17,79.9731674194336,ESGU
2020-12-18,79.73905944824219,ESGU
2020-12-21,79.47689819335938,ESGU
2020-12-22,79.43942260742188,ESGU
2020-12-23,79.43942260742188,ESGU
2020-12-24,79.7484359741211,ESGU
2020-12-28,80.25405883789062,ESGU
2020-12-29,80.07615661621094,ESGU
2020-12-30,80.19786834716797,ESGU
2020-12-31,80.55368041992188,ESGU
2021-01-04,79.48625183105469,ESGU
2021-01-05,80.04806518554688,ESGU
2021-01-06,80.46940612792969,ESGU
2021-01-07,81.74285888671875,ESGU
2021-01-08,82.26719665527344,ESGU
2021-01-11,81.74285888671875,ESGU
2021-01-12,81.83648681640625,ESGU
2021-01-13,82.04246520996094,ESGU
2021-01-14,81.78028869628906,ESGU
2021-01-15,81.13423156738281,ESGU
2021-01-19,81.82708740234375,ESGU
2021-01-20,82.97881317138672,ESGU
2021-01-21,83.05372619628906,ESGU
2021-01-22,82.8102798461914,ESGU
2021-01-25,83.10990905761719,ESGU
2021-01-26,82.96944427490234,ESGU
2021-01-27,80.87203216552734,ESGU
2021-01-28,81.6585693359375,ESGU
2021-01-29,80.12297821044922,ESGU
2021-02-01,81.40576171875,ESGU
2021-02-02,82.60429382324219,ESGU
2021-02-03,82.67919158935547,ESGU
2021-02-04,83.63426208496094,ESGU
2021-02-05,84.0087890625,ESGU
2021-02-08,84.62678527832031,ESGU
2021-02-09,84.55188751220703,ESGU
2021-02-10,84.59867858886719,ESGU
2021-02-11,84.76721954345703,ESGU
2021-02-12,85.17922973632812,ESGU
2021-02-16,85.08560943603516,ESGU
2021-02-17,84.98260498046875,ESGU
2021-02-18,84.63615417480469,ESGU
2021-02-19,84.46761322021484,ESGU
2021-02-22,83.73726654052734,ESGU
2021-02-23,83.77471923828125,ESGU
2021-02-24,84.58931732177734,ESGU
2021-02-25,82.4919204711914,ESGU
2021-02-26,82.14546966552734,ESGU
2021-03-01,84.17733001708984,ESGU
2021-03-02,83.41888427734375,ESGU
2021-03-03,82.14546966552734,ESGU
2021-03-04,80.93758392333984,ESGU
2021-03-05,82.48255920410156,ESGU
2021-03-08,81.94883728027344,ESGU
2021-03-09,83.25971221923828,ESGU
2021-03-10,83.7185287475586,ESGU
2021-03-11,84.66425323486328,ESGU
2021-03-12,84.79534149169922,ESGU
2021-03-15,85.39460754394531,ESGU
2021-03-16,85.1885986328125,ESGU
2021-03-17,85.45075988769531,ESGU
2021-03-18,84.08370971679688,ESGU
2021-03-19,84.01815032958984,ESGU
2021-03-22,84.7204360961914,ESGU
2021-03-23,84.07433319091797,ESGU
2021-03-24,83.44701385498047,ESGU
2021-03-25,83.90908813476562,ESGU
2021-03-26,85.28032684326172,ESGU
2021-03-29,85.09249877929688,ESGU
2021-03-30,84.95160675048828,ESGU
2021-03-31,85.34607696533203,ESGU
2021-04-01,86.36040496826172,ESGU
2021-04-05,87.50624084472656,ESGU
2021-04-06,87.51566314697266,ESGU
2021-04-07,87.59080505371094,ESGU
2021-04-08,88.06978607177734,ESGU
2021-04-09,88.70844268798828,ESGU
2021-04-12,88.73661041259766,ESGU
2021-04-13,89.09353637695312,ESGU
2021-04-14,88.72722625732422,ESGU
2021-04-15,89.72278594970703,ESGU
2021-04-16,89.95758819580078,ESGU
2021-04-19,89.44104766845703,ESGU
2021-04-20,88.87751770019531,ESGU
2021-04-21,89.72278594970703,ESGU
2021-04-22,88.92447662353516,ESGU
2021-04-23,89.92003631591797,ESGU
2021-04-26,90.12665557861328,ESGU
2021-04-27,90.00457000732422,ESGU
2021-04-28,89.96698760986328,ESGU
2021-04-29,90.41780853271484,ESGU
2021-04-30,89.70401763916016,ESGU
2021-05-03,89.92942810058594,ESGU
2021-05-04,89.33773803710938,ESGU
2021-05-05,89.30014038085938,ESGU
2021-05-06,89.94820404052734,ESGU
2021-05-07,90.61505126953125,ESGU
2021-05-10,89.63826751708984,ESGU
2021-05-11,88.971435546875,ESGU
2021-05-12,86.98028564453125,ESGU
2021-05-13,87.91012573242188,ESGU
2021-05-14,89.35650634765625,ESGU
2021-05-17,89.1123046875,ESGU
2021-05-18,88.35154724121094,ESGU
2021-05-19,88.0604019165039,ESGU
2021-05-20,89.17807006835938,ESGU
2021-05-21,89.1217041015625,ESGU
2021-05-24,90.0515365600586,ESGU
2021-05-25,89.87306213378906,ESGU
2021-05-26,90.0984878540039,ESGU
2021-05-27,90.11726379394531,ESGU
2021-05-28,90.33329772949219,ESGU
2021-06-01,90.19239807128906,ESGU
2021-06-02,90.42720031738281,ESGU
2021-06-03,90.01395416259766,ESGU
2021-06-04,90.84984588623047,ESGU
2021-06-07,90.86863708496094,ESGU
2021-06-08,90.92498016357422,ESGU
2021-06-09,90.75593566894531,ESGU
2021-06-10,91.25311279296875,ESGU
2021-06-11,91.46025848388672,ESGU
2021-06-14,91.6956787109375,ESGU
2021-06-15,91.45084381103516,ESGU
2021-06-16,90.97062683105469,ESGU
2021-06-17,90.99888610839844,ESGU
2021-06-18,89.76534271240234,ESGU
2021-06-21,90.98945617675781,ESGU
2021-06-22,91.47909545898438,ESGU
2021-06-23,91.47909545898438,ESGU
2021-06-24,92.00640869140625,ESGU
2021-06-25,92.30773162841797,ESGU
2021-06-28,92.59021759033203,ESGU
2021-06-29,92.68438720703125,ESGU
2021-06-30,92.72207641601562,ESGU
2021-07-01,93.1834487915039,ESGU
2021-07-02,93.86141204833984,ESGU
2021-07-06,93.68250274658203,ESGU
2021-07-07,94.04972839355469,ESGU
2021-07-08,93.26820373535156,ESGU
2021-07-09,94.2286605834961,ESGU
2021-07-12,94.5394058227539,ESGU
2021-07-13,94.21924591064453,ESGU
2021-07-14,94.28515625,ESGU
2021-07-15,93.99324035644531,ESGU
2021-07-16,93.32469940185547,ESGU
2021-07-19,91.93106842041016,ESGU
2021-07-20,93.33411407470703,ESGU
2021-07-21,94.05914306640625,ESGU
2021-07-22,94.27574920654297,ESGU
2021-07-23,95.33977508544922,ESGU
2021-07-26,95.52809143066406,ESGU
2021-07-27,95.01020050048828,ESGU
2021-07-28,94.97254180908203,ESGU
2021-07-29,95.3586196899414,ESGU
2021-07-30,94.78421783447266,ESGU
2021-08-02,94.66178894042969,ESGU
2021-08-03,95.37744903564453,ESGU
2021-08-04,95.01020050048828,ESGU
2021-08-05,95.60343170166016,ESGU
2021-08-06,95.67875671386719,ESGU
2021-08-09,95.6410903930664,ESGU
2021-08-10,95.6410903930664,ESGU
2021-08-11,95.8670883178711,ESGU
2021-08-12,96.13074493408203,ESGU
2021-08-13,96.30964660644531,ESGU
2021-08-16,96.51681518554688,ESGU
2021-08-17,95.85768127441406,ESGU
2021-08-18,94.79362487792969,ESGU
2021-08-19,94.94429016113281,ESGU
2021-08-20,95.75409698486328,ESGU
2021-08-23,96.63922119140625,ESGU
2021-08-24,96.82756042480469,ESGU
2021-08-25,97.081787109375,ESGU
2021-08-26,96.49797821044922,ESGU
2021-08-27,97.3454360961914,ESGU
2021-08-30,97.79743194580078,ESGU
2021-08-31,97.66559600830078,ESGU
2021-09-01,97.7220687866211,ESGU
2021-09-02,98.04224395751953,ESGU
2021-09-03,98.04224395751953,ESGU
2021-09-07,97.65618133544922,ESGU
2021-09-08,97.47728729248047,ESGU
2021-09-09,97.12884521484375,ESGU
2021-09-10,96.34730529785156,ESGU
2021-09-13,96.49797821044922,ESGU
2021-09-14,96.0459976196289,ESGU
2021-09-15,96.8652114868164,ESGU
2021-09-16,96.71455383300781,ESGU
2021-09-17,95.81999969482422,ESGU
2021-09-20,94.15331268310547,ESGU
2021-09-21,94.09683227539062,ESGU
2021-09-22,95.05728912353516,ESGU
2021-09-23,96.187255859375,ESGU
2021-09-24,96.29963684082031,ESGU
2021-09-27,96.01628112792969,ESGU
2021-09-28,93.95708465576172,ESGU
2021-09-29,93.994873046875,ESGU
2021-09-30,93.0030746459961,ESGU
2021-10-01,94.03266143798828,ESGU
2021-10-04,92.76692199707031,ESGU
2021-10-05,93.7398452758789,ESGU
2021-10-06,94.17433166503906,ESGU
2021-10-07,94.9677963256836,ESGU
2021-10-08,94.75053405761719,ESGU
2021-10-11,94.14599609375,ESGU
2021-10-12,93.994873046875,ESGU
2021-10-13,94.4482650756836,ESGU
2021-10-14,96.12017059326172,ESGU
2021-10-15,96.74360656738281,ESGU
2021-10-18,97.12142944335938,ESGU
2021-10-19,97.82039642333984,ESGU
2021-10-20,98.16046905517578,ESGU
2021-10-21,98.3966064453125,ESGU
2021-10-22,98.24547576904297,ESGU
2021-10-25,98.71776580810547,ESGU
2021-10-26,98.84998321533203,ESGU
2021-10-27,98.3966064453125,ESGU
2021-10-28,99.34117126464844,ESGU
2021-10-29,99.55842590332031,ESGU
2021-11-01,99.77568054199219,ESGU
2021-11-02,100.06851196289062,ESGU
2021-11-03,100.72027587890625,ESGU
2021-11-04,101.17366790771484,ESGU
2021-11-05,101.39089965820312,ESGU
2021-11-08,101.51371002197266,ESGU
2021-11-09,101.22090148925781,ESGU
2021-11-10,100.34244537353516,ESGU
2021-11-11,100.28575897216797,ESGU
2021-11-12,101.14531707763672,ESGU
2021-11-15,101.12643432617188,ESGU
2021-11-16,101.61762237548828,ESGU
2021-11-17,101.27755737304688,ESGU
2021-11-18,101.58928680419922,ESGU
2021-11-19,101.40979766845703,ESGU
2021-11-22,100.91862487792969,ESGU
2021-11-23,100.96585845947266,ESGU
2021-11-24,101.25867462158203,ESGU
2021-11-26,98.96334075927734,ESGU
2021-11-29,100.24797058105469,ESGU
2021-11-30,98.32103729248047,ESGU
2021-12-01,97.0080795288086,ESGU
2021-12-02,98.55718994140625,ESGU
2021-12-03,97.53703308105469,ESGU
2021-12-06,98.65164947509766,ESGU
2021-12-07,100.81473541259766,ESGU
2021-12-08,101.19255065917969,ESGU
2021-12-09,100.35187530517578,ESGU
2021-12-10,101.09810638427734,ESGU
2021-12-13,100.22563171386719,ESGU
2021-12-14,99.38253021240234,ESGU
2021-12-15,101.0213623046875,ESGU
2021-12-16,100.01722717285156,ESGU
2021-12-17,99.09832763671875,ESGU
2021-12-20,97.9899673461914,ESGU
2021-12-21,99.74250793457031,ESGU
2021-12-22,100.708740234375,ESGU
2021-12-23,101.33397674560547,ESGU
2021-12-27,102.74546813964844,ESGU
2021-12-28,102.62232208251953,ESGU
2021-12-29,102.70758819580078,ESGU
2021-12-30,102.52757263183594,ESGU
2021-12-31,102.21500396728516,ESGU
2022-01-03,102.72653198242188,ESGU
2022-01-04,102.54654693603516,ESGU
2022-01-05,100.38667297363281,ESGU
2022-01-06,100.32036590576172,ESGU
2022-01-07,99.86566162109375,ESGU
2022-01-10,99.78038024902344,ESGU
2022-01-11,100.71823120117188,ESGU
2022-01-12,100.95504760742188,ESGU
2022-01-13,99.40145874023438,ESGU
2022-01-14,99.31620788574219,ESGU
2022-01-18,97.5257797241211,ESGU
2022-01-19,96.46479034423828,ESGU
2022-01-20,95.48906707763672,ESGU
2022-01-21,93.56602478027344,ESGU
2022-01-24,93.98284149169922,ESGU
2022-01-25,92.75132751464844,ESGU
2022-01-26,92.33451080322266,ESGU
2022-01-27,91.91769409179688,ESGU
2022-01-28,94.19125366210938,ESGU
2022-01-31,96.0669174194336,ESGU
2022-02-01,96.74898529052734,ESGU
2022-02-02,97.37421417236328,ESGU
2022-02-03,94.99647521972656,ESGU
2022-02-04,95.53642272949219,ESGU
2022-02-07,95.29014587402344,ESGU
2022-02-08,96.08586120605469,ESGU
2022-02-09,97.5257797241211,ESGU
2022-02-10,95.80167388916016,ESGU
2022-02-11,93.87863159179688,ESGU
2022-02-14,93.53759002685547,ESGU
2022-02-15,95.11962127685547,ESGU
2022-02-16,95.11962127685547,ESGU
2022-02-17,92.96920776367188,ESGU
2022-02-18,92.32504272460938,ESGU
2022-02-22,91.30194091796875,ESGU
2022-02-23,89.62519073486328,ESGU
2022-02-24,91.20719909667969,ESGU
2022-02-25,93.15867614746094,ESGU
2022-02-28,92.98814392089844,ESGU
2022-03-01,91.6240234375,ESGU
2022-03-02,93.24392700195312,ESGU
2022-03-03,92.73238372802734,ESGU
2022-03-04,91.83243560791016,ESGU
2022-03-07,89.1325912475586,ESGU
2022-03-08,88.43159484863281,ESGU
2022-03-09,90.87564849853516,ESGU
2022-03-10,90.31674194335938,ESGU
2022-03-11,89.04733276367188,ESGU
2022-03-14,88.22317504882812,ESGU
2022-03-15,90.1746597290039,ESGU
2022-03-16,92.39134216308594,ESGU
2022-03-17,93.60391235351562,ESGU
2022-03-18,94.73121643066406,ESGU
2022-03-21,94.67436218261719,ESGU
2022-03-22,95.84905242919922,ESGU
2022-03-23,94.63648223876953,ESGU
2022-03-24,96.0449447631836,ESGU
2022-03-25,96.41559600830078,ESGU
2022-03-28,97.12837219238281,ESGU
2022-03-29,98.4874038696289,ESGU
2022-03-30,97.80313110351562,ESGU
2022-03-31,96.32054901123047,ESGU
2022-04-01,96.53913116455078,ESGU
2022-04-04,97.4895248413086,ESGU
2022-04-05,96.16848754882812,ESGU
2022-04-06,94.98051452636719,ESGU
2022-04-07,95.44621276855469,ESGU
2022-04-08,95.14207458496094,ESGU
2022-04-11,93.50743103027344,ESGU
2022-04-12,93.08926391601562,ESGU
2022-04-13,94.23922729492188,ESGU
2022-04-14,92.98472595214844,ESGU
2022-04-18,92.92770385742188,ESGU
2022-04-19,94.5528564453125,ESGU
2022-04-20,94.43880462646484,ESGU
2022-04-21,92.90870666503906,ESGU
2022-04-22,90.39971923828125,ESGU
2022-04-25,90.95093536376953,ESGU
2022-04-26,88.31838989257812,ESGU
2022-04-27,88.50846099853516,ESGU
2022-04-28,90.81787872314453,ESGU
2022-04-29,87.44403839111328,ESGU
2022-05-02,88.0617904663086,ESGU
2022-05-03,88.48946380615234,ESGU
2022-05-04,91.10298919677734,ESGU
2022-05-05,87.69113159179688,ESGU
2022-05-06,87.06389617919922,ESGU
2022-05-09,84.16522979736328,ESGU
2022-05-10,84.36482238769531,ESGU
2022-05-11,82.8822250366211,ESGU
2022-05-12,82.92975616455078,ESGU
2022-05-13,85.06810760498047,ESGU
2022-05-16,84.62144470214844,ESGU
2022-05-17,86.46517181396484,ESGU
2022-05-18,82.90125274658203,ESGU
2022-05-19,82.38804626464844,ESGU
2022-05-20,82.57811737060547,ESGU
2022-05-23,84.04170227050781,ESGU
2022-05-24,83.26239776611328,ESGU
2022-05-25,84.04170227050781,ESGU
2022-05-26,85.79988861083984,ESGU
2022-05-27,87.97624969482422,ESGU
2022-05-31,87.35851287841797,ESGU
2022-06-01,86.68376159667969,ESGU
2022-06-02,88.470458984375,ESGU
2022-06-03,86.96885681152344,ESGU
2022-06-06,87.19695281982422,ESGU
2022-06-07,88.11881256103516,ESGU
2022-06-08,87.19695281982422,ESGU
2022-06-09,85.04833221435547,ESGU
2022-06-10,82.50318145751953,ESGU
2022-06-13,79.30980682373047,ESGU
2022-06-14,78.97618865966797,ESGU
2022-06-15,80.20586395263672,ESGU
2022-06-16,77.47005462646484,ESGU
2022-06-17,77.58445739746094,ESGU
2022-06-21,79.5481185913086,ESGU
2022-06-22,79.47187042236328,ESGU
2022-06-23,80.32976531982422,ESGU
2022-06-24,82.8368148803711,ESGU
2022-06-27,82.57943725585938,ESGU
2022-06-28,80.85406494140625,ESGU
2022-06-29,80.77780151367188,ESGU
2022-06-30,79.97708129882812,ESGU
2022-07-01,80.93984985351562,ESGU
2022-07-05,81.0923843383789,ESGU
2022-07-06,81.43553924560547,ESGU
2022-07-07,82.68429565429688,ESGU
2022-07-08,82.59851837158203,ESGU
2022-07-11,81.66431427001953,ESGU
2022-07-12,80.83502197265625,ESGU
2022-07-13,80.45370483398438,ESGU
2022-07-14,80.14867401123047,ESGU
2022-07-15,81.7215347290039,ESGU
2022-07-18,81.0828628540039,ESGU
2022-07-19,83.29435729980469,ESGU
2022-07-20,83.94257354736328,ESGU
2022-07-21,84.78142547607422,ESGU
2022-07-22,83.97116088867188,ESGU
2022-07-25,84.01883697509766,ESGU
2022-07-26,83.0274658203125,ESGU
2022-07-27,85.13414001464844,ESGU
2022-07-28,86.25894927978516,ESGU
2022-07-29,87.60302734375,ESGU
2022-08-01,87.36471557617188,ESGU
2022-08-02,86.80229949951172,ESGU
2022-08-03,88.25122833251953,ESGU
2022-08-04,88.26075744628906,ESGU
2022-08-05,88.02245330810547,ESGU
2022-08-08,87.95571899414062,ESGU
2022-08-09,87.57443237304688,ESGU
2022-08-10,89.49044036865234,ESGU
2022-08-11,89.41419982910156,ESGU
2022-08-12,90.99657440185547,ESGU
2022-08-15,91.39691925048828,ESGU
2022-08-16,91.48272705078125,ESGU
2022-08-17,90.82498931884766,ESGU
2022-08-18,91.06330108642578,ESGU
2022-08-19,89.80500030517578,ESGU
2022-08-22,87.87947082519531,ESGU
2022-08-23,87.71741485595703,ESGU
2022-08-24,88.0129165649414,ESGU
2022-08-25,89.30934143066406,ESGU
2022-08-26,86.2017593383789,ESGU
2022-08-29,85.57262420654297,ESGU
2022-08-30,84.66706085205078,ESGU
2022-08-31,84.0760269165039,ESGU
2022-09-01,84.17134857177734,ESGU
2022-09-02,83.31344604492188,ESGU
2022-09-06,82.94168090820312,ESGU
2022-09-07,84.48591613769531,ESGU
2022-09-08,85.01973724365234,ESGU
2022-09-09,86.47821807861328,ESGU
2022-09-12,87.37425231933594,ESGU
2022-09-13,83.49454498291016,ESGU
2022-09-14,83.79004669189453,ESGU
2022-09-15,82.84635162353516,ESGU
2022-09-16,82.13142395019531,ESGU
2022-09-19,82.77961730957031,ESGU
2022-09-20,81.77871704101562,ESGU
2022-09-21,80.31071472167969,ESGU
2022-09-22,79.56718444824219,ESGU
2022-09-23,78.27078247070312,ESGU
2022-09-26,77.46139526367188,ESGU
2022-09-27,77.29855346679688,ESGU
2022-09-28,78.85986328125,ESGU
2022-09-29,77.1357192993164,ESGU
2022-09-30,76.06294250488281,ESGU
2022-10-03,78.11273956298828,ESGU
2022-10-04,80.50737762451172,ESGU
2022-10-05,80.33494567871094,ESGU
2022-10-06,79.53993225097656,ESGU
2022-10-07,77.24108123779297,ESGU
2022-10-10,76.59932708740234,ESGU
2022-10-11,76.05335235595703,ESGU
2022-10-12,75.88093566894531,ESGU
2022-10-13,77.80623626708984,ESGU
2022-10-14,76.00546264648438,ESGU
2022-10-17,77.94989013671875,ESGU
2022-10-18,78.92691802978516,ESGU
2022-10-19,78.27557373046875,ESGU
2022-10-20,77.6146469116211,ESGU
2022-10-21,79.53993225097656,ESGU
2022-10-24,80.45945739746094,ESGU
2022-10-25,81.86750030517578,ESGU
2022-10-26,81.27363586425781,ESGU
2022-10-27,80.87134552001953,ESGU
2022-10-28,82.71041870117188,ESGU
2022-10-31,82.13570404052734,ESGU
2022-11-01,81.81961822509766,ESGU
2022-11-02,79.67404174804688,ESGU
2022-11-03,78.79280853271484,ESGU
2022-11-04,79.9518051147461,ESGU
2022-11-07,80.64146423339844,ESGU
2022-11-08,81.22576141357422,ESGU
2022-11-09,79.45372009277344,ESGU
2022-11-10,84.00350952148438,ESGU
2022-11-11,84.91346740722656,ESGU
2022-11-14,84.14720153808594,ESGU
2022-11-15,84.88472747802734,ESGU
2022-11-16,84.18550872802734,ESGU
2022-11-17,83.87899780273438,ESGU
2022-11-18,84.20467376708984,ESGU
2022-11-21,83.85982513427734,ESGU
2022-11-22,85.04757690429688,ESGU
2022-11-23,85.60311889648438,ESGU
2022-11-25,85.58396911621094,ESGU
2022-11-28,84.1759262084961,ESGU
2022-11-29,84.04182434082031,ESGU
2022-11-30,86.71422576904297,ESGU
2022-12-01,86.695068359375,ESGU
2022-12-02,86.59928131103516,ESGU
2022-12-05,84.93260955810547,ESGU
2022-12-06,83.66828155517578,ESGU
2022-12-07,83.57249450683594,ESGU
2022-12-08,84.28128814697266,ESGU
2022-12-09,83.66828155517578,ESGU
2022-12-12,84.85599517822266,ESGU
2022-12-13,85.52915954589844,ESGU
2022-12-14,84.98103332519531,ESGU
2022-12-15,82.90385437011719,ESGU
2022-12-16,81.80757904052734,ESGU
2022-12-19,81.06710815429688,ESGU
2022-12-20,81.1921157836914,ESGU
2022-12-21,82.43264770507812,ESGU
2022-12-22,81.12480926513672,ESGU
2022-12-23,81.58638000488281,ESGU
2022-12-27,81.26904296875,ESGU
2022-12-28,80.30740356445312,ESGU
2022-12-29,81.76911926269531,ESGU
2022-12-30,81.49984741210938,ESGU
2023-01-03,81.20172119140625,ESGU
2023-01-04,81.76911926269531,ESGU
2023-01-05,80.82670593261719,ESGU
2023-01-06,82.60574340820312,ESGU
2023-01-09,82.60574340820312,ESGU
2023-01-10,83.27890014648438,ESGU
2023-01-11,84.27900695800781,ESGU
2023-01-12,84.67329406738281,ESGU
2023-01-13,85.0771713256836,ESGU
2023-01-17,84.93293762207031,ESGU
2023-01-18,83.55777740478516,ESGU
2023-01-19,82.875,ESGU
2023-01-20,84.44248962402344,ESGU
2023-01-23,85.50032806396484,ESGU
2023-01-24,85.35606384277344,ESGU
2023-01-25,85.38491821289062,ESGU
2023-01-26,86.34656524658203,ESGU
2023-01-27,86.62543487548828,ESGU
2023-01-30,85.49070739746094,ESGU
2023-01-31,86.77928924560547,ESGU
2023-02-01,87.71212005615234,ESGU
2023-02-02,89.08727264404297,ESGU
2023-02-03,88.06792449951172,ESGU
2023-02-06,87.46207427978516,ESGU
2023-02-07,88.56797790527344,ESGU
2023-02-08,87.58709716796875,ESGU
2023-02-09,86.75045013427734,ESGU
2023-02-10,86.92353820800781,ESGU
2023-02-13,87.94288635253906,ESGU
2023-02-14,88.00059509277344,ESGU
2023-02-15,88.36602783203125,ESGU
2023-02-16,87.14473724365234,ESGU
2023-02-17,86.84661865234375,ESGU
2023-02-21,85.05793762207031,ESGU
2023-02-22,84.9906234741211,ESGU
2023-02-23,85.51954650878906,ESGU
2023-02-24,84.50980377197266,ESGU
2023-02-27,84.83676147460938,ESGU
2023-02-28,84.50019836425781,ESGU
2023-03-01,84.23092651367188,ESGU
2023-03-02,84.86560821533203,ESGU
2023-03-03,86.23116302490234,ESGU
2023-03-06,86.18306732177734,ESGU
2023-03-07,84.86560821533203,ESGU
2023-03-08,85.00025177001953,ESGU
2023-03-09,83.4039077758789,ESGU
2023-03-10,82.1345443725586,ESGU
2023-03-13,81.98066711425781,ESGU
2023-03-14,83.29813385009766,ESGU
2023-03-15,82.83653259277344,ESGU
2023-03-16,84.21170043945312,ESGU
2023-03-17,83.22119903564453,ESGU
2023-03-20,83.98091125488281,ESGU
2023-03-21,85.1829605102539,ESGU
2023-03-22,83.7116470336914,ESGU
2023-03-23,83.88566589355469,ESGU
2023-03-24,84.40778350830078,ESGU
2023-03-27,84.57215881347656,ESGU
2023-03-28,84.39810180664062,ESGU
2023-03-29,85.64537048339844,ESGU
2023-03-30,86.13847351074219,ESGU
2023-03-31,87.45342254638672,ESGU
2023-04-03,87.6564712524414,ESGU
2023-04-04,87.15369415283203,ESGU
2023-04-05,86.79595184326172,ESGU
2023-04-06,87.10535430908203,ESGU
2023-04-10,87.23106384277344,ESGU
2023-04-11,87.26972198486328,ESGU
2023-04-12,86.90230560302734,ESGU
2023-04-13,88.02388000488281,ESGU
2023-04-14,87.82084655761719,ESGU
2023-04-17,88.13990783691406,ESGU
2023-04-18,88.21725463867188,ESGU
2023-04-19,88.2269287109375,ESGU
2023-04-20,87.68547821044922,ESGU
2023-04-21,87.8014907836914,ESGU
2023-04-24,87.84017944335938,ESGU
2023-04-25,86.36087036132812,ESGU
2023-04-26,86.0224609375,ESGU
2023-04-27,87.77249908447266,ESGU
2023-04-28,88.49764251708984,ESGU
2023-05-01,88.42998504638672,ESGU
2023-05-02,87.44376373291016,ESGU
2023-05-03,86.85397338867188,ESGU
2023-05-04,86.19648742675781,ESGU
2023-05-05,87.79182434082031,ESGU
2023-05-08,87.82084655761719,ESGU
2023-05-09,87.46308898925781,ESGU
2023-05-10,87.89818572998047,ESGU
2023-05-11,87.66615295410156,ESGU
2023-05-12,87.55977630615234,ESGU
2023-05-15,87.89818572998047,ESGU
2023-05-16,87.22137451171875,ESGU
2023-05-17,88.34296417236328,ESGU
2023-05-18,89.19379425048828,ESGU
2023-05-19,89.01976013183594,ESGU
2023-05-22,89.08744049072266,ESGU
2023-05-23,88.10122680664062,ESGU
2023-05-24,87.44376373291016,ESGU
2023-05-25,88.18824005126953,ESGU
2023-05-26,89.42582702636719,ESGU
2023-05-30,89.37749481201172,ESGU
2023-05-31,88.89408111572266,ESGU
2023-06-01,89.76424407958984,ESGU
2023-06-02,91.11788177490234,ESGU
2023-06-05,90.96316528320312,ESGU
2023-06-06,91.20490264892578,ESGU
2023-06-07,90.8052749633789,ESGU
2023-06-08,91.37752532958984,ESGU
2023-06-09,91.45512390136719,ESGU
2023-06-12,92.318359375,ESGU
2023-06-13,92.96823120117188,ESGU
2023-06-14,93.05552673339844,ESGU
2023-06-15,94.20004272460938,ESGU
2023-06-16,93.82176971435547,ESGU
2023-06-20,93.356201171875,ESGU
2023-06-21,92.79362487792969,ESGU
2023-06-22,93.10401153564453,ESGU
2023-06-23,92.35716247558594,ESGU
2023-06-26,92.00799560546875,ESGU
2023-06-27,93.04582214355469,ESGU
2023-06-28,93.08460998535156,ESGU
2023-06-29,93.43378448486328,ESGU
2023-06-30,94.52982330322266,ESGU
2023-07-03,94.70439910888672,ESGU
2023-07-05,94.5201187133789,ESGU
2023-07-06,93.73445892333984,ESGU
2023-07-07,93.54048156738281,ESGU
2023-07-10,93.85086059570312,ESGU
2023-07-11,94.50071716308594,ESGU
2023-07-12,95.25727081298828,ESGU
2023-07-13,96.05261993408203,ESGU
2023-07-14,95.91682434082031,ESGU
2023-07-17,96.35328674316406,ESGU
2023-07-18,97.12923431396484,ESGU
2023-07-19,97.42022705078125,ESGU
2023-07-20,96.644287109375,ESGU
2023-07-21,96.74126434326172,ESGU
2023-07-24,97.12923431396484,ESGU
2023-07-25,97.4105224609375,ESGU
2023-07-26,97.42022705078125,ESGU
2023-07-27,96.6733627319336,ESGU
2023-07-28,97.64329528808594,ESGU
2023-07-31,97.82759094238281,ESGU
2023-08-01,97.56571960449219,ESGU
2023-08-02,96.13990783691406,ESGU
2023-08-03,95.83922576904297,ESGU
2023-08-04,95.48035430908203,ESGU
2023-08-07,96.2659912109375,ESGU
2023-08-08,95.7810287475586,ESGU
2023-08-09,95.140869140625,ESGU
2023-08-10,95.21846771240234,ESGU
2023-08-11,95.13117218017578,ESGU
2023-08-14,95.68404388427734,ESGU
2023-08-15,94.57831573486328,ESGU
2023-08-16,93.82176971435547,ESGU
2023-08-17,93.10401153564453,ESGU
2023-08-18,93.17190551757812,ESGU
2023-08-21,93.7538833618164,ESGU
2023-08-22,93.45319366455078,ESGU
2023-08-23,94.53951263427734,ESGU
2023-08-24,93.210693359375,ESGU
2023-08-25,93.88965606689453,ESGU
2023-08-28,94.48133087158203,ESGU
2023-08-29,95.93623352050781,ESGU
2023-08-30,96.31450653076172,ESGU
2023-08-31,96.22721099853516,ESGU
2023-09-01,96.47937774658203,ESGU
2023-09-05,96.03323364257812,ESGU
2023-09-06,95.34455871582031,ESGU
2023-09-07,95.05355834960938,ESGU
2023-09-08,95.21846771240234,ESGU
2023-09-11,95.84893798828125,ESGU
2023-09-12,95.2281723022461,ESGU
2023-09-13,95.25727081298828,ESGU
2023-09-14,96.10111999511719,ESGU
2023-09-15,94.8595962524414,ESGU
2023-09-18,94.93717956542969,ESGU
2023-09-19,94.68502044677734,ESGU
2023-09-20,93.83146667480469,ESGU
2023-09-21,92.22137451171875,ESGU
2023-09-22,92.01768493652344,ESGU
2023-09-25,92.43476104736328,ESGU
2023-09-26,91.0506820678711,ESGU
2023-09-27,91.12861633300781,ESGU
2023-09-28,91.6740493774414,ESGU
2023-09-29,91.46952056884766,ESGU
2023-10-02,91.37210845947266,ESGU
2023-10-03,90.10590362548828,ESGU
2023-10-04,90.7779541015625,ESGU
2023-10-05,90.62212371826172,ESGU
2023-10-06,91.81041717529297,ESGU
2023-10-09,92.38507843017578,ESGU
2023-10-10,92.93052673339844,ESGU
2023-10-11,93.34934997558594,ESGU
2023-10-12,92.67728424072266,ESGU
2023-10-13,92.20975494384766,ESGU
2023-10-16,93.23248291015625,ESGU
2023-10-17,93.23248291015625,ESGU
2023-10-18,91.90780639648438,ESGU
2023-10-19,91.0214614868164,ESGU
2023-10-20,89.8916244506836,ESGU
2023-10-23,89.70654296875,ESGU
2023-10-24,90.37860870361328,ESGU
2023-10-25,88.97602844238281,ESGU
2023-10-26,88.0215072631836,ESGU
2023-10-27,87.65138244628906,ESGU
2023-10-30,88.69355773925781,ESGU
2023-10-31,89.27798461914062,ESGU
2023-11-01,90.22276306152344,ESGU
2023-11-02,91.97599792480469,ESGU
2023-11-03,92.88182830810547,ESGU
2023-11-06,93.00845336914062,ESGU
2023-11-07,93.35909271240234,ESGU
2023-11-08,93.4272689819336,ESGU
2023-11-09,92.70649719238281,ESGU
2023-11-10,94.16752624511719,ESGU
2023-11-13,94.02142333984375,ESGU
2023-11-14,95.99867248535156,ESGU
2023-11-15,96.12529754638672,ESGU
2023-11-16,96.33956146240234,ESGU
2023-11-17,96.47593688964844,ESGU
2023-11-20,97.2064437866211,ESGU
2023-11-21,97.0311279296875,ESGU
2023-11-22,97.44020080566406,ESGU
2023-11-24,97.50839233398438,ESGU
2023-11-27,97.3427963256836,ESGU
2023-11-28,97.45968627929688,ESGU
2023-11-29,97.48890686035156,ESGU
2023-11-30,97.8785171508789,ESGU
2023-12-01,98.5603256225586,ESGU
2023-12-04,98.01487731933594,ESGU
2023-12-05,97.98566436767578,ESGU
2023-12-06,97.6252670288086,ESGU
2023-12-07,98.37525939941406,ESGU
2023-12-08,98.79409790039062,ESGU
2023-12-11,99.22264862060547,ESGU
2023-12-12,99.62199401855469,ESGU
2023-12-13,101.03430938720703,ESGU
2023-12-14,101.40443420410156,ESGU
2023-12-15,101.22911071777344,ESGU
2023-12-18,101.78429412841797,ESGU
2023-12-19,102.3784408569336,ESGU
2023-12-20,100.8902587890625,ESGU
2023-12-21,101.906494140625,ESGU
2023-12-22,102.13123321533203,ESGU
2023-12-26,102.61003112792969,ESGU
2023-12-27,102.78594207763672,ESGU
2023-12-28,102.84455871582031,ESGU
2023-12-29,102.52208709716797,ESGU
2024-01-02,101.81855010986328,ESGU
2024-01-03,100.87071990966797,ESGU
2024-01-04,100.55803680419922,ESGU
2024-01-05,100.68505859375,ESGU
2024-01-08,102.19963073730469,ESGU
2024-01-09,101.99443054199219,ESGU
2024-01-10,102.57096099853516,ESGU
2024-01-11,102.55140686035156,ESGU
2024-01-12,102.63935852050781,ESGU
2024-01-16,102.2875747680664,ESGU
2024-01-17,101.74038696289062,ESGU
2024-01-18,102.60026550292969,ESGU
2024-01-19,103.87056732177734,ESGU
2024-01-22,104.13439178466797,ESGU
2024-01-23,104.38844299316406,ESGU
2024-01-24,104.42752838134766,ESGU
2024-01-25,105.01380920410156,ESGU
2024-01-26,104.87702178955078,ESGU
2024-01-29,105.70758819580078,ESGU
2024-01-30,105.60009765625,ESGU
2024-01-31,103.87056732177734,ESGU
2024-02-01,105.18970489501953,ESGU
2024-02-02,106.27433013916016,ESGU
2024-02-05,105.92256164550781,ESGU
2024-02-06,106.22547912597656,ESGU
2024-02-07,107.10489654541016,ESGU
2024-02-08,107.24169921875,ESGU
2024-02-09,107.89640808105469,ESGU
2024-02-12,107.85730743408203,ESGU
2024-02-13,106.26456451416016,ESGU
2024-02-14,107.31010437011719,ESGU
2024-02-15,107.98433685302734,ESGU
2024-02-16,107.41759490966797,ESGU
2024-02-20,106.75312805175781,ESGU
2024-02-21,106.82154083251953,ESGU
2024-02-22,109.10807037353516,ESGU
2024-02-23,109.04942321777344,ESGU
2024-02-26,108.72696685791016,ESGU
2024-02-27,108.87352752685547,ESGU
2024-02-28,108.71719360351562,ESGU
2024-02-29,109.19598388671875,ESGU
2024-03-01,110.2610855102539,ESGU
2024-03-04,110.10474395751953,ESGU
2024-03-05,108.93216705322266,ESGU
2024-03-06,109.46958923339844,ESGU
2024-03-07,110.63240814208984,ESGU
2024-03-08,109.87022399902344,ESGU
2024-03-11,109.7431869506836,ESGU
2024-03-12,110.97440338134766,ESGU
2024-03-13,110.77897644042969,ESGU
2024-03-14,110.4662857055664,ESGU
2024-03-15,109.6845703125,ESGU
2024-03-18,110.40765380859375,ESGU
2024-03-19,111.0818862915039,ESGU
2024-03-20,112.08834838867188,ESGU
2024-03-21,112.5628662109375,ESGU
2024-03-22,112.32756805419922,ESGU
2024-03-25,111.97461700439453,ESGU
2024-03-26,111.78833770751953,ESGU
2024-03-27,112.70013427734375,ESGU
2024-03-28,112.70992279052734,ESGU
2024-04-01,112.4942398071289,ESGU
2024-04-02,111.76872253417969,ESGU
2024-04-03,111.88638305664062,ESGU
2024-04-04,110.60201263427734,ESGU
2024-04-05,111.68048858642578,ESGU
2024-04-08,111.73931121826172,ESGU
2024-04-09,111.96480560302734,ESGU
2024-04-10,110.77848815917969,ESGU
2024-04-11,111.5334243774414,ESGU
2024-04-12,109.92552947998047,ESGU
2024-04-15,108.56273651123047,ESGU
2024-04-16,108.30781555175781,ESGU
2024-04-17,107.68035125732422,ESGU
2024-04-18,107.43523406982422,ESGU
2024-04-19,106.56266021728516,ESGU
2024-04-22,107.454833984375,ESGU
2024-04-23,108.78822326660156,ESGU
2024-04-24,108.84705352783203,ESGU
2024-04-25,108.36663818359375,ESGU
2024-04-26,109.43531799316406,ESGU
2024-04-29,109.81768035888672,ESGU
2024-04-30,108.12152862548828,ESGU
2024-05-01,107.74897003173828,ESGU
2024-05-02,108.8078384399414,ESGU
2024-05-03,110.20004272460938,ESGU
2024-05-06,111.33733367919922,ESGU
2024-05-07,111.49420928955078,ESGU
2024-05-08,111.46479797363281,ESGU
2024-05-09,112.16090393066406,ESGU
2024-05-10,112.37659454345703,ESGU
2024-05-13,112.36679077148438,ESGU
2024-05-14,112.97465515136719,ESGU
2024-05-15,114.34725189208984,ESGU
2024-05-16,114.04331970214844,ESGU
2024-05-17,114.19038391113281,ESGU
2024-05-20,114.31783294677734,ESGU
2024-05-21,114.52371978759766,ESGU
2024-05-22,114.12175750732422,ESGU
2024-05-23,113.32759857177734,ESGU
2024-05-24,114.0531234741211,ESGU
2024-05-28,114.09235382080078,ESGU
2024-05-29,113.28839111328125,ESGU
2024-05-30,112.43541717529297,ESGU
2024-05-31,113.25897979736328,ESGU
2024-06-03,113.39623260498047,ESGU
2024-06-04,113.44525909423828,ESGU
2024-06-05,114.83747100830078,ESGU
2024-06-06,114.79825592041016,ESGU
2024-06-07,114.70020294189453,ESGU
2024-06-10,115.0629653930664,ESGU
2024-06-11,115.29100036621094,ESGU
2024-06-12,116.32301330566406,ESGU
2024-06-13,116.44094848632812,ESGU
2024-06-14,116.47042846679688,ESGU
2024-06-17,117.43365478515625,ESGU
2024-06-18,117.78749084472656,ESGU
2024-06-20,117.44347381591797,ESGU
2024-06-21,117.2763900756836,ESGU
2024-06-24,116.90289306640625,ESGU
2024-06-25,117.33536529541016,ESGU
2024-06-26,117.44347381591797,ESGU
2024-06-27,117.68919372558594,ESGU
2024-06-28,117.2763900756836,ESGU
2024-07-01,117.51228332519531,ESGU
2024-07-02,118.28874969482422,ESGU
2024-07-03,118.85881805419922,ESGU
2024-07-05,119.48786163330078,ESGU
2024-07-08,119.69426727294922,ESGU
2024-07-09,119.83186340332031,ESGU
2024-07-10,120.94249725341797,ESGU
2024-07-11,119.99893951416016,ESGU
2024-07-12,120.78524780273438,ESGU
2024-07-15,120.99165344238281,ESGU
2024-07-16,121.94503784179688,ESGU
2024-07-17,120.12671661376953,ESGU
2024-07-18,119.09469604492188,ESGU
2024-07-19,118.3182373046875,ESGU
2024-07-22,119.6058120727539,ESGU
2024-07-23,119.37974548339844,ESGU
2024-07-24,116.72599029541016,ESGU
2024-07-25,116.10678100585938,ESGU
2024-07-26,117.57125854492188,ESGU
2024-07-29,117.56143188476562,ESGU
2024-07-30,117.00119018554688,ESGU
2024-07-31,118.9865951538086,ESGU
2024-08-01,117.23707580566406,ESGU
2024-08-02,114.92733001708984,ESGU
2024-08-05,111.50692749023438,ESGU
2024-08-06,112.65689849853516,ESGU
2024-08-07,111.80178833007812,ESGU
2024-08-08,114.48504638671875,ESGU
2024-08-09,114.92733001708984,ESGU
2024-08-12,115.0256118774414,ESGU
2024-08-13,116.98152923583984,ESGU
2024-08-14,117.35502624511719,ESGU
2024-08-15,119.36009216308594,ESGU
2024-08-16,119.55665588378906,ESGU
2024-08-19,120.7656021118164,ESGU
2024-08-20,120.51988220214844,ESGU
2024-08-21,121.06046295166016,ESGU
2024-08-22,119.98912811279297,ESGU
2024-08-23,121.35530853271484,ESGU
2024-08-26,121.0014877319336,ESGU
2024-08-27,121.13908386230469,ESGU
2024-08-28,120.46089935302734,ESGU
2024-08-29,120.52970123291016,ESGU
2024-08-30,121.6993179321289,ESGU
2024-09-03,119.20281982421875,ESGU
2024-09-04,118.7900161743164,ESGU
2024-09-05,118.51480865478516,ESGU
2024-09-06,116.59820556640625,ESGU
2024-09-09,117.9349136352539,ESGU
2024-09-10,118.4460220336914,ESGU
2024-09-11,119.70408630371094,ESGU
2024-09-12,120.7557601928711,ESGU
2024-09-13,121.45361328125,ESGU
2024-09-16,121.71897888183594,ESGU
2024-09-17,121.80743408203125,ESGU
2024-09-18,121.44377136230469,ESGU
2024-09-19,123.56678009033203,ESGU
2024-09-20,123.21294403076172,ESGU
2024-09-23,123.56678009033203,ESGU
2024-09-24,123.86164093017578,ESGU
2024-09-25,123.63380432128906,ESGU
2024-09-26,124.15654754638672,ESGU
2024-09-27,123.94942474365234,ESGU
2024-09-30,124.45243835449219,ESGU
2024-10-01,123.25901794433594,ESGU
2024-10-02,123.26888275146484,ESGU
2024-10-03,123.04202270507812,ESGU
2024-10-04,124.17627716064453,ESGU
2024-10-07,123.09133911132812,ESGU
2024-10-08,124.27490234375,ESGU
2024-10-09,125.14285278320312,ESGU
2024-10-10,124.93573760986328,ESGU
2024-10-11,125.64586639404297,ESGU
2024-10-14,126.70122528076172,ESGU
2024-10-15,125.71492004394531,ESGU
2024-10-16,126.23765563964844,ESGU
2024-10-17,126.13903045654297,ESGU
2024-10-18,126.59274291992188,ESGU
2024-10-21,126.33628845214844,ESGU
2024-10-22,126.0995864868164,ESGU
2024-10-23,125.01464080810547,ESGU
2024-10-24,125.34012603759766,ESGU
2024-10-25,125.33026123046875,ESGU
2024-10-28,125.72478485107422,ESGU
2024-10-29,125.86286163330078,ESGU
2024-10-30,125.49793243408203,ESGU
2024-10-31,122.90393829345703,ESGU
2024-11-01,123.6831283569336,ESGU
2024-11-04,123.47600555419922,ESGU
2024-11-05,124.97518157958984,ESGU
2024-11-06,128.05247497558594,ESGU
2024-11-07,129.19659423828125,ESGU
2024-11-08,129.7785186767578,ESGU
2024-11-11,130.0941162109375,ESGU
2024-11-12,129.6206817626953,ESGU
2024-11-13,129.67001342773438,ESGU
2024-11-14,128.92041015625,ESGU
2024-11-15,127.13518524169922,ESGU
2024-11-18,127.657958984375,ESGU
2024-11-19,128.10179138183594,ESGU
2024-11-20,128.20040893554688,ESGU
2024-11-21,129.0979766845703,ESGU
2024-11-22,129.43328857421875,ESGU
2024-11-25,129.94618225097656,ESGU
2024-11-26,130.54783630371094,ESGU
2024-11-27,130.03492736816406,ESGU
2024-11-29,130.90289306640625,ESGU
2024-12-02,131.07058715820312,ESGU
2024-12-03,131.2086639404297,ESGU
2024-12-04,132.21469116210938,ESGU
2024-12-05,131.8793487548828,ESGU
2024-12-06,132.21469116210938,ESGU
2024-12-09,131.46510314941406,ESGU
2024-12-10,130.93247985839844,ESGU
2024-12-11,131.99771118164062,ESGU
2024-12-12,131.33688354492188,ESGU
2024-12-13,131.24810791015625,ESGU
2024-12-16,131.7905731201172,ESGU
2024-12-17,131.125732421875,ESGU
2024-12-18,127.10906982421875,ESGU
2024-12-19,126.98047637939453,ESGU
2024-12-20,128.55349731445312,ESGU
2024-12-23,129.34498596191406,ESGU
2024-12-24,130.7794952392578,ESGU
2024-12-26,130.75970458984375,ESGU
2024-12-27,129.34498596191406,ESGU
2024-12-30,127.97968292236328,ESGU
2024-12-31,127.4454574584961,ESGU
2025-01-02,127.2673568725586,ESGU
2025-01-03,128.83050537109375,ESGU
2025-01-06,129.55271911621094,ESGU
2025-01-07,128.08851623535156,ESGU
2025-01-08,128.30615234375,ESGU
2025-01-10,126.32749938964844,ESGU
2025-01-13,126.57483673095703,ESGU
2025-01-14,126.86174011230469,ESGU
2025-01-15,129.156982421875,ESGU
2025-01-16,128.968994140625,ESGU
2025-01-17,130.25515747070312,ESGU
2025-01-21,131.48190307617188,ESGU
2025-01-22,132.20413208007812,ESGU
2025-01-23,132.86697387695312,ESGU
2025-01-24,132.45144653320312,ESGU
2025-01-27,130.32437133789062,ESGU
2025-01-28,131.52146911621094,ESGU
2025-01-29,130.90811157226562,ESGU
2025-01-30,131.59071350097656,ESGU
2025-01-31,130.84873962402344,ESGU
2025-02-03,129.98802185058594,ESGU
2025-02-04,130.73989868164062,ESGU
2025-02-05,131.33349609375,ESGU
2025-02-06,131.6105194091797,ESGU
2025-02-07,130.3738555908203,ESGU
2025-02-10,131.15542602539062,ESGU
2025-02-11,131.26425170898438,ESGU
2025-02-12,130.75970458984375,ESGU
2025-02-13,132.12498474121094,ESGU
2025-02-14,132.02603149414062,ESGU
2025-02-18,132.51080322265625,ESGU
2025-02-19,132.7383575439453,ESGU
2025-02-20,132.24368286132812,ESGU
2025-02-21,129.84950256347656,ESGU
2025-02-24,129.1273193359375,ESGU
2025-02-25,128.46446228027344,ESGU
2025-02-26,128.66232299804688,ESGU
2025-02-27,126.5550537109375,ESGU
2025-02-28,128.50401306152344,ESGU
2025-03-03,126.27803802490234,ESGU
2025-03-04,124.69511413574219,ESGU
2025-03-05,126.05049133300781,ESGU
2025-03-06,123.63652801513672,ESGU
2025-03-07,124.25979614257812,ESGU
2025-03-10,120.87629699707031,ESGU
2025-03-11,119.89686584472656,ESGU
2025-03-12,120.64875030517578,ESGU
2025-03-13,118.95700073242188,ESGU
2025-03-14,121.51936340332031,ESGU
2025-03-17,122.41964721679688,ESGU
2025-03-18,121.12812805175781,ESGU
2025-03-19,122.41767120361328,ESGU
2025-03-20,122.12007904052734,ESGU
2025-03-21,122.20935821533203,ESGU
2025-03-24,124.42142486572266,ESGU
2025-03-25,124.66941833496094,ESGU
2025-03-26,123.22116088867188,ESGU
2025-03-27,122.74501037597656,ESGU
2025-03-28,120.24528503417969,ESGU
2025-03-31,120.92972564697266,ESGU
2025-04-01,121.44554901123047,ESGU
2025-04-02,122.29863739013672,ESGU
2025-04-03,116.21792602539062,ESGU
2025-04-04,109.34365844726562,ESGU
2025-04-07,108.95677947998047,ESGU
2025-04-08,107.19109344482422,ESGU
2025-04-09,117.55706787109375,ESGU
2025-04-10,113.2420425415039,ESGU
2025-04-11,115.18629455566406,ESGU
2025-04-14,116.28736114501953,ESGU
2025-04-15,116.18816375732422,ESGU
2025-04-16,113.61898803710938,ESGU
2025-04-17,113.75786590576172,ESGU
2025-04-21,110.91094207763672,ESGU
2025-04-22,113.80746459960938,ESGU
2025-04-23,115.69218444824219,ESGU
2025-04-24,118.14231872558594,ESGU
2025-04-25,119.02516174316406,ESGU
2025-04-28,119.09459686279297,ESGU
2025-04-29,119.85841369628906,ESGU
2025-04-30,120.10639953613281,ESGU
2025-05-01,120.75118255615234,ESGU
2025-05-02,122.61605834960938,ESGU
2025-05-05,122.05065155029297,ESGU
2025-05-06,120.95948791503906,ESGU
2025-05-07,121.52490234375,ESGU
2025-05-08,122.37799072265625,ESGU
2025-05-09,122.29863739013672,ESGU
2025-05-12,126.48470306396484,ESGU
2025-05-13,127.37747192382812,ESGU
2025-05-14,127.50640869140625,ESGU
2025-05-15,128.21070861816406,ESGU
2025-05-16,129.08363342285156,ESGU
2025-05-19,129.22251892089844,ESGU
2025-05-20,128.78604125976562,ESGU
2025-05-21,126.52438354492188,ESGU
2025-05-22,126.56405639648438,ESGU
2025-05-23,125.66136932373047,ESGU
2025-05-27,128.29006958007812,ESGU
2025-05-28,127.5163345336914,ESGU
2025-05-29,128.08175659179688,ESGU
2025-05-30,127.94287109375,ESGU
2025-06-02,128.587646484375,ESGU
2025-06-03,129.4407501220703,ESGU
2025-06-04,129.41099548339844,ESGU
2025-06-05,128.84555053710938,ESGU
2025-06-06,130.12518310546875,ESGU
2025-06-09,130.18472290039062,ESGU
2025-06-10,130.8294677734375,ESGU
2025-06-11,130.442626953125,ESGU
2025-06-12,130.98818969726562,ESGU
2025-06-13,129.40106201171875,ESGU
2025-06-16,130.7465057373047,ESGU
2025-06-17,129.62281799316406,ESGU
2025-06-18,129.60292053222656,ESGU
2025-06-20,129.24493408203125,ESGU
2025-06-23,130.49789428710938,ESGU
2025-06-24,132.05914306640625,ESGU
2025-06-25,131.99948120117188,ESGU
2025-06-26,133.05355834960938,ESGU
2025-06-27,133.5806121826172,ESGU
2025-06-30,134.54519653320312,ESGU
2025-07-01,134.1872100830078,ESGU
2025-07-02,134.84353637695312,ESGU
2025-07-03,135.8180694580078,ESGU
2025-07-07,134.81370544433594,ESGU
2025-07-08,134.7042999267578,ESGU
2025-07-09,135.57940673828125,ESGU
2025-07-10,135.80813598632812,ESGU
2025-07-11,135.28106689453125,ESGU
2025-07-14,135.57940673828125,ESGU
2025-07-15,134.99269104003906,ESGU
2025-07-16,135.45013427734375,ESGU
2025-07-17,136.32521057128906,ESGU
2025-07-18,136.29537963867188,ESGU
2025-07-21,136.42466735839844,ESGU
2025-07-22,136.59371948242188,ESGU
2025-07-23,137.62789916992188,ESGU
2025-07-24,137.73728942871094,ESGU
2025-07-25,138.36378479003906,ESGU
2025-07-28,138.2842254638672,ESGU
2025-07-29,138.0256805419922,ESGU
2025-07-30,137.90634155273438,ESGU
2025-07-31,137.46881103515625,ESGU
2025-08-01,135.12197875976562,ESGU
2025-08-04,137.3096923828125,ESGU
2025-08-05,136.5638885498047,ESGU
2025-08-06,137.6080322265625,ESGU
2025-08-07,137.5682373046875,ESGU
2025-08-08,138.57261657714844,ESGU
2025-08-11,138.18479919433594,ESGU
2025-08-12,139.65652465820312,ESGU
2025-08-13,140.16368103027344,ESGU
2025-08-14,139.99462890625,ESGU
2025-08-15,139.81564331054688,ESGU
2025-08-18,139.80567932128906,ESGU
2025-08-19,138.98031616210938,ESGU
2025-08-20,138.6422119140625,ESGU
2025-08-21,138.13507080078125,ESGU
2025-08-22,140.29295349121094,ESGU
2025-08-25,139.64657592773438,ESGU
2025-08-26,140.2432403564453,ESGU
2025-08-27,140.6409912109375,ESGU
2025-08-28,141.17799377441406,ESGU
2025-08-29,140.23329162597656,ESGU
2025-09-02,139.13941955566406,ESGU
2025-09-03,139.80567932128906,ESGU
2025-09-04,140.92938232421875,ESGU
2025-09-05,140.6310577392578,ESGU
2025-09-08,141.00894165039062,ESGU
2025-09-09,141.33709716796875,ESGU
2025-09-10,141.7050323486328,ESGU
2025-09-11,142.94805908203125,ESGU
2025-09-12,142.7889404296875,ESGU
2025-09-15,143.56459045410156,ESGU
2025-09-16,143.29043579101562,ESGU
2025-09-17,143.20071411132812,ESGU
2025-09-18,144.00823974609375,ESGU
2025-09-19,144.69613647460938,ESGU
2025-09-22,145.41392517089844,ESGU
2025-09-23,144.5864715576172,ESGU
2025-09-24,144.13784790039062,ESGU
2025-09-25,143.4001007080078,ESGU
2025-09-26,144.3073272705078,ESGU
2025-09-29,144.74598693847656,ESGU
2025-09-30,145.1547393798828,ESGU
2025-10-01,145.6930694580078,ESGU
2025-10-02,145.99215698242188,ESGU
2025-10-03,146.01210021972656,ESGU
2025-10-06,146.48065185546875,ESGU
2025-10-07,145.8226776123047,ESGU
2025-10-08,146.7398681640625,ESGU
2025-10-09,146.33111572265625,ESGU
2025-10-10,142.38323974609375,ESGU
2025-10-13,144.476806640625,ESGU
2025-10-14,144.23753356933594,ESGU
2025-10-15,144.89552307128906,ESGU
2025-10-16,144.03814697265625,ESGU
2025-10-17,144.83570861816406,ESGU
2025-10-20,146.37100219726562,ESGU
2025-10-21,146.49063110351562,ESGU
2025-10-22,145.59336853027344,ESGU
2025-10-23,146.5105743408203,ESGU
2025-10-24,147.77667236328125,ESGU
2025-10-27,149.57118225097656,ESGU
2025-10-28,149.88023376464844,ESGU
2025-10-29,149.90017700195312,ESGU
2025-10-30,148.46456909179688,ESGU
2025-10-31,149.1624298095703,ESGU
2025-11-03,149.48146057128906,ESGU
2025-11-04,147.60720825195312,ESGU
2025-11-05,148.095703125,ESGU
2025-11-06,146.44078063964844,ESGU
2025-11-07,146.61026000976562,ESGU
2025-11-10,148.94309997558594,ESGU
2025-11-11,149.182373046875,ESGU
2025-11-12,149.34188842773438,ESGU
2025-11-13,146.6900177001953,ESGU
2025-11-14,146.44078063964844,ESGU
2025-11-17,145.1846466064453,ESGU
2025-11-18,143.97833251953125,ESGU
2025-11-19,144.53662109375,ESGU
2025-11-20,142.2037811279297,ESGU
2025-11-21,143.6194305419922,ESGU
2025-11-24,145.7827911376953,ESGU
2025-11-25,147.16854858398438,ESGU
2025-11-26,148.1455535888672,ESGU
2025-11-28,148.9829864501953,ESGU
2025-12-01,148.28512573242188,ESGU
2025-12-02,148.60414123535156,ESGU
2025-12-03,149.1524658203125,ESGU
2025-12-04,149.3219451904297,ESGU
2025-12-05,149.61106872558594,ESGU
2025-12-08,149.2122802734375,ESGU
2025-12-09,149.0029296875,ESGU
2025-12-10,149.9998779296875,ESGU
2025-12-11,150.388671875,ESGU
2025-12-12,148.69386291503906,ESGU
2025-12-15,148.3249969482422,ESGU
2025-12-16,148.05999755859375,ESGU
2025-12-17,146.30999755859375,ESGU
2025-12-18,147.42999267578125,ESGU
2025-12-19,148.80999755859375,ESGU
2025-12-22,149.77999877929688,ESGU
2025-12-23,150.39999389648438,ESGU
2025-12-24,150.8800048828125,ESGU
2025-12-26,150.92999267578125,ESGU
2025-12-29,150.3699951171875,ESGU
2025-12-30,150.13999938964844,ESGU
2025-12-31,148.97999572753906,ESGU
2026-01-02,149.19000244140625,ESGU
2026-01-05,150.2100067138672,ESGU
2026-01-06,151.22000122070312,ESGU
2026-01-07,150.77000427246094,ESGU
2026-01-08,150.57000732421875,ESGU
2026-01-09,151.44000244140625,ESGU
2026-01-12,151.6199951171875,ESGU
2026-01-13,151.24000549316406,ESGU
2026-01-14,150.4600067138672,ESGU
2026-01-15,150.89999389648438,ESGU
2026-01-16,150.77000427246094,ESGU
2026-01-20,147.55999755859375,ESGU
2026-01-21,149.24000549316406,ESGU
2026-01-22,150.27000427246094,ESGU
2026-01-23,150.24000549316406,ESGU
2026-01-26,151.1300048828125,ESGU
2026-01-27,151.7100067138672,ESGU
2026-01-28,151.7899932861328,ESGU
2026-01-29,151.3000030517578,ESGU
2026-01-30,150.77000427246094,ESGU
2026-02-02,151.49000549316406,ESGU
2026-02-03,149.77000427246094,ESGU
2026-02-04,148.97000122070312,ESGU
2026-02-05,147.1300048828125,ESGU
2026-02-06,150.16000366210938,ESGU
2026-02-09,150.92999267578125,ESGU
2026-02-10,150.47999572753906,ESGU
2026-02-11,150.42999267578125,ESGU
2026-02-12,147.88999938964844,ESGU
2026-02-13,148.2100067138672,ESGU
2026-02-17,148.4199981689453,ESGU
2026-02-18,149.24000549316406,ESGU
