Ticker,Sector,Industry,PE_Ratio,PB_Ratio,ROE,Debt_to_Equity,Ind_Avg_PE,Ind_Avg_PB,Ind_Avg_ROE,Ind_Avg_Debt_Equity,Beats_Ind_PE,Beats_Ind_PB,Beats_Ind_Debt,Beats_Ind_ROE,Total_Metrics_Beaten
AAPL,Technology,Consumer Electronics,34.609978,41.475544,1.4875101,78.445,34.609978,41.475544,1.4875101,78.445,No,No,No,No,0
NVDA,Technology,Semiconductors,34.502296,27.918217,1.14288,6.555,54.09527633333333,12.04603556,0.340206001,42.361200000000004,Yes,No,Yes,Yes,3
MSFT,Technology,Software - Infrastructure,27.391401,8.341812,0.34039003,29.118,78.68721981818182,158.2196027153846,0.6039858355916666,4852.889666666667,Yes,Yes,Yes,No,3
AMZN,Consumer Cyclical,Internet Retail,21.329847,5.1827745,0.30558002,45.617,35.5390735,8.50702025,0.29031001,107.1015,Yes,Yes,Yes,Yes,4
GOOG,Communication Services,Internet Content & Information,17.274736,6.757702,0.48676,18.859,19.846297,6.2805775,0.39262,30.928,Yes,No,Yes,Yes,3
META,Communication Services,Internet Content & Information,22.417858,5.803453,0.29848,42.997,19.846297,6.2805775,0.39262,30.928,No,Yes,No,No,1
TSLA,Consumer Cyclical,Auto Manufacturers,311.8899,15.456239,0.046669997,18.373,311.8899,15.456239,0.046669997,18.373,No,No,No,No,0
AVGO,Technology,Semiconductors,69.40532,22.670645,0.37280998,74.018,54.09527633333333,12.04603556,0.340206001,42.361200000000004,No,No,No,Yes,1
JPM,Financial Services,Banks - Diversified,15.651292,2.7300065,0.17789,,14.548403,1.806136625,0.12523000125,,No,No,N/A,Yes,1
LLY,Healthcare,Drug Manufacturers - General,40.611355,34.62497,1.02286,162.071,46.29609,2.0260299374999997,0.36770714,191.1494285714286,Yes,No,Yes,Yes,3
MA,Financial Services,Credit Services,30.767225,88.65541,2.41202,439.583,19.09603075,20.07863005,0.6518050000000001,187.88375000000002,No,No,No,Yes,1
V,Financial Services,Credit Services,31.049278,19.36672,0.6119,67.821,19.09603075,20.07863005,0.6518050000000001,187.88375000000002,No,Yes,Yes,No,2
HD,Consumer Cyclical,Home Improvement Retail,24.268467,24.55447,1.2838,459.356,21.257143499999998,5.6741125,1.2838,459.356,No,No,No,No,0
UNH,Healthcare,Healthcare Plans,25.646528,3.459348,0.14152999,69.211,22.767939,2.2073586,0.057156,72.0042,No,No,Yes,Yes,2
COST,Consumer Defensive,Discount Stores,48.309895,25.80208,0.29152,60.257,34.4264125,15.055037500000001,0.25583500000000003,88.9025,No,No,Yes,Yes,2
PG,Consumer Defensive,Household & Personal Products,21.79154,6.28666,0.30290002,64.49,24.109022599999996,35.90854228,0.663170004,554.4639999999999,Yes,Yes,Yes,No,3
CRM,Technology,Software - Application,23.306711,4.817349,0.16908,124.282,44.40717484615384,12.757015418750001,0.15759933346666666,63.50013333333334,Yes,Yes,No,Yes,3
ADP,Technology,Software - Application,25.249544,18.219774,0.72239,91.436,44.40717484615384,12.757015418750001,0.15759933346666666,63.50013333333334,Yes,No,No,Yes,2
BAC,Financial Services,Banks - Diversified,14.801385,1.6290478,0.111990005,,14.548403,1.806136625,0.12523000125,,No,Yes,N/A,No,1
NOW,Technology,Software - Application,79.53125,10.511316,0.14244,67.538,44.40717484615384,12.757015418750001,0.15759933346666666,63.50013333333334,No,Yes,No,No,1
TXN,Technology,Semiconductors,42.001534,13.863509,0.35176,78.036,54.09527633333333,12.04603556,0.340206001,42.361200000000004,Yes,No,No,Yes,2
KO,Consumer Defensive,Beverages - Non-Alcoholic,26.252253,10.405904,0.42054,115.519,24.788931333333334,6.924831233333333,0.32887333333333335,151.37233333333333,No,No,Yes,Yes,2
NFLX,Communication Services,Entertainment,23.285715,10.805137,0.49541,55.236,19.818455333333333,4.171202425,0.15764,63.22475,No,No,Yes,Yes,2
SPGI,Financial Services,Financial Data & Stock Exchanges,25.709854,3.9555473,0.14255,42.98,25.108762000000002,8.349881766666666,0.2553183316666667,86.28416666666665,No,Yes,Yes,No,2
PRU,Financial Services,Insurance - Life,11.310063,1.3550798,0.12011,163.891,14.334660999999999,1.8756368666666667,0.14004333333333333,132.39633333333333,Yes,Yes,No,No,2
ORCL,Technology,Software - Infrastructure,26.299664,11.980062,0.53376,388.87,78.68721981818182,158.2196027153846,0.6039858355916666,4852.889666666667,Yes,Yes,Yes,No,3
ADBE,Technology,Software - Application,14.788955,9.370214,0.62953997,61.443,44.40717484615384,12.757015418750001,0.15759933346666666,63.50013333333334,Yes,Yes,Yes,Yes,4
AXP,Financial Services,Credit Services,20.827272,6.766762,0.34377,172.38,19.09603075,20.07863005,0.6518050000000001,187.88375000000002,No,Yes,Yes,No,2
XOM,Energy,Oil & Gas Integrated,20.413128,2.514426,0.12584,15.921,19.7113715,2.27839065,0.124075,17.439999999999998,No,No,Yes,Yes,2
BRK-B,Financial Services,Insurance - Diversified,12.820687,0.0010165783,0.121199995,17.142,9.984963533333334,1.1251721594333333,0.18039000500000002,19.102666666666664,No,Yes,Yes,No,2
IBM,Technology,Information Technology Services,20.967285,6.484905,0.34460998,188.97,14.9647392,-10.43693778,0.478174,142.17374999999998,No,No,No,No,0
JNJ,Healthcare,Drug Manufacturers - General,30.403711,7.4277287,0.25742,57.709,46.29609,2.0260299374999997,0.36770714,191.1494285714286,Yes,No,Yes,No,2
INTU,Technology,Software - Application,21.886988,4.763545,0.22496,33.448,44.40717484615384,12.757015418750001,0.15759933346666666,63.50013333333334,Yes,Yes,Yes,Yes,4
MS,Financial Services,Capital Markets,17.639742,3.2208965,0.17969999,517.282,17.881495333333334,3.4650857333333334,0.18381666333333335,464.5896666666667,Yes,Yes,No,No,2
CSCO,Technology,Communication Equipment,34.17771,9.150068,0.27319,58.731,42.36991,13.694613266666666,0.41733668,166.87033333333332,Yes,Yes,Yes,No,3
HON,Industrials,Conglomerates,8.992698,4.000718,0.46577,185.369,20.833557,17.95511,0.6423449800000001,311.653,Yes,Yes,Yes,No,3
PEG,Utilities,Utilities - Regulated Electric,18.88806,2.1820846,0.11835,142.409,17.49529742857143,2.0865267,0.11344571428571427,176.60742857142856,No,No,Yes,Yes,2
COP,Energy,Oil & Gas E&P,16.4709,2.2890968,0.1418,35.639,21.167981625000003,1.6510234499999998,0.0929050005,31.9115,Yes,No,No,Yes,2
DIS,Communication Services,Entertainment,21.608248,1.6477469,0.0801,39.404,19.818455333333333,4.171202425,0.15764,63.22475,No,Yes,Yes,No,2
ABBV,Healthcare,Drug Manufacturers - General,70.85311,-74.671036,,,46.29609,2.0260299374999997,0.36770714,191.1494285714286,No,Yes,N/A,N/A,1
GILD,Healthcare,Drug Manufacturers - General,,14.492237,-0.2068,223.465,46.29609,2.0260299374999997,0.36770714,191.1494285714286,N/A,No,No,No,0
NEE,Utilities,Utilities - Regulated Electric,19.32809,3.1404264,0.11677,161.676,17.49529742857143,2.0865267,0.11344571428571427,176.60742857142856,No,No,Yes,Yes,2
AMAT,Technology,Semiconductor Equipment & Materials,51.54677,17.750547,0.39692003,30.399,55.027725000000004,28.783711000000004,0.523790035,31.724,Yes,Yes,Yes,No,3
RTX,Industrials,Aerospace & Defense,39.231316,4.4767513,0.12274,57.02,82.2465168,12.72012786,0.256833996,79.4648,Yes,Yes,Yes,No,3
MRK,Healthcare,Drug Manufacturers - General,106.732285,7.29705,0.06961,128.408,46.29609,2.0260299374999997,0.36770714,191.1494285714286,No,No,Yes,No,1
AMD,Technology,Semiconductors,123.53197,11.726105,0.10196,6.361,54.09527633333333,12.04603556,0.340206001,42.361200000000004,No,Yes,Yes,No,2
TT,Industrials,Building Products & Equipment,35.701794,12.299869,0.36643,53.404,36.347258999999994,6.665450816666667,0.21442167766666664,107.20183333333334,Yes,No,Yes,Yes,3
GE,Industrials,Aerospace & Defense,42.528305,21.212872,0.48231998,113.225,82.2465168,12.72012786,0.256833996,79.4648,Yes,No,No,Yes,2
BR,Technology,Information Technology Services,17.629478,7.069737,0.40916002,123.939,14.9647392,-10.43693778,0.478174,142.17374999999998,No,No,Yes,No,1
GIS,Consumer Defensive,Packaged Foods,,3.757968,-0.01028,217.629,16.408202,1.8765408333333333,0.018493333333333344,106.5365,N/A,No,No,No,0
CMI,Industrials,Specialty Industrial Machinery,32.57401,6.768144,0.21114,59.586,32.3772535,4.7464518,0.14921999833333333,55.88616666666667,No,No,No,Yes,1
MCD,Consumer Cyclical,Restaurants,22.425865,-188.27802,,,38.45532566666667,-61.86823866666666,0.49560001,246.35,Yes,Yes,N/A,N/A,2
AMT,Real Estate,REIT - Specialty,27.474764,21.820118,0.33914003,438.721,74.84069828571428,-1.391046814285714,0.1313375075,181.62675000000002,Yes,No,No,Yes,2
KMI,Energy,Oil & Gas Midstream,20.43312,2.2564538,0.109910004,98.619,22.336124599999998,7.77539416,0.3174539908,240.2548,Yes,Yes,Yes,No,3
PEP,Consumer Defensive,Beverages - Non-Alcoholic,18.191462,8.692588,0.51508,238.949,24.788931333333334,6.924831233333333,0.32887333333333335,151.37233333333333,Yes,No,No,Yes,2
NI,Utilities,Utilities - Regulated Gas,22.38298,2.0885448,0.085489996,146.649,22.38298,2.0885448,0.085489996,146.649,No,No,No,No,0
CRH,Basic Materials,Building Materials,17.261484,2.706821,0.15812,77.592,26.363816999999997,2.77006415,0.12353,66.2685,Yes,Yes,No,Yes,3
BKNG,Consumer Cyclical,Travel Services,23.704445,-14.996485,,,21.3577445,-3.4499575,0.44669998,224.816,No,Yes,N/A,N/A,1
ECL,Basic Materials,Specialty Chemicals,37.032173,7.701701,0.21956,138.023,28.113555666666667,5.315857975,0.1491924975,100.99975,No,No,No,Yes,1
ZTS,Healthcare,Drug Manufacturers - Specialty & Generic,11.981042,9.674703,0.64911,293.996,11.981042,9.674703,0.64911,293.996,No,No,No,No,0
CVX,Energy,Oil & Gas Integrated,19.009615,2.0423553,0.12231,18.959,19.7113715,2.27839065,0.124075,17.439999999999998,Yes,Yes,No,No,2
LOW,Consumer Cyclical,Home Improvement Retail,18.24582,-13.206245,,,21.257143499999998,5.6741125,1.2838,459.356,Yes,Yes,N/A,N/A,2
VZ,Communication Services,Telecom Services,12.238579,1.9278747,0.15842,184.081,9.502184666666667,1.4976998333333336,0.15222999866666667,137.86966666666666,No,No,No,Yes,1
ELV,Healthcare,Healthcare Plans,17.604774,1.9238983,0.11133,68.953,22.767939,2.2073586,0.057156,72.0042,Yes,Yes,Yes,Yes,4
ISRG,Healthcare,Medical Instruments & Supplies,46.070034,7.816237,0.17423001,,51.75042266666667,4.860575425,0.0741550025,36.452,Yes,No,N/A,Yes,2
PNC,Financial Services,Banks - Regional,14.068357,1.5926708,0.12623,,13.22531725,1.3944307,0.1082675,,No,No,N/A,Yes,1
BK,Unknown,Unknown,,,,,,,,,N/A,N/A,N/A,N/A,0
OKE,Energy,Oil & Gas Midstream,16.0,2.610607,0.16277,143.07,22.336124599999998,7.77539416,0.3174539908,240.2548,Yes,Yes,Yes,No,3
GWW,Industrials,Industrial Distribution,33.225548,15.066016,0.46091,61.977,25.23404366666667,9.5304956,0.38672998999999997,102.52566666666667,No,No,Yes,Yes,2
GS,Financial Services,Capital Markets,16.102394,2.84521,0.16902,725.381,17.881495333333334,3.4650857333333334,0.18381666333333335,464.5896666666667,Yes,Yes,No,No,2
ADSK,Technology,Software - Application,37.603497,17.06762,0.50396,85.419,44.40717484615384,12.757015418750001,0.15759933346666666,63.50013333333334,Yes,No,No,Yes,2
MCO,Financial Services,Financial Data & Stock Exchanges,30.95184,27.962446,0.76932,240.682,25.108762000000002,8.349881766666666,0.2553183316666667,86.28416666666665,No,No,No,Yes,1
LIN,Basic Materials,Specialty Chemicals,30.87153,5.6406145,0.18400998,68.947,28.113555666666667,5.315857975,0.1491924975,100.99975,No,No,Yes,Yes,2
MMM,Industrials,Conglomerates,32.674416,31.909502,0.81891996,437.937,20.833557,17.95511,0.6423449800000001,311.653,No,No,No,Yes,1
EQIX,Real Estate,REIT - Specialty,68.964676,7.366919,0.10735,162.217,74.84069828571428,-1.391046814285714,0.1313375075,181.62675000000002,Yes,No,Yes,No,2
MMC,Unknown,Unknown,,,,,,,,,N/A,N/A,N/A,N/A,0
CCI,Real Estate,REIT - Specialty,30.171316,-9.865816,,,74.84069828571428,-1.391046814285714,0.1313375075,181.62675000000002,Yes,Yes,N/A,N/A,2
PGR,Financial Services,Insurance - Property & Casualty,10.407075,3.534598,0.34943,24.428,11.269478333333334,2.7132821333333332,0.2659866633333334,29.339,Yes,No,Yes,Yes,3
VRTX,Healthcare,Biotechnology,30.113121,6.461881,0.23542999,9.767,29.656065333333334,8.799849425,0.23785749250000002,64.49025,No,Yes,Yes,No,2
EW,Healthcare,Medical Devices,55.095238,5.0263367,0.09175,6.568,35.9182226,5.7168182000000005,0.163952004,42.5584,No,Yes,Yes,No,2
CAT,Industrials,Farm & Heavy Construction Machinery,36.899826,20.254543,0.56972003,232.783,37.725082,9.314798066666667,0.26411668000000005,314.61633333333333,Yes,No,Yes,Yes,3
DHR,Healthcare,Diagnostics & Research,36.605026,2.7255836,0.07605,52.97,40.703307125,285.9395879375,0.22030714128571427,2161.667375,Yes,Yes,Yes,No,3
LNG,Energy,Oil & Gas Midstream,20.203186,8.948588,0.39116,243.42,22.336124599999998,7.77539416,0.3174539908,240.2548,Yes,No,No,Yes,2
UNP,Industrials,Railroads,24.093044,9.104501,0.39696,150.772,24.093044,9.104501,0.39696,150.772,No,No,No,No,0
NXPI,Technology,Semiconductors,46.474953,5.1322284,0.27921,93.325,54.09527633333333,12.04603556,0.340206001,42.361200000000004,Yes,Yes,No,No,2
MET,Financial Services,Insurance - Life,18.672415,2.2652693,0.13094,179.933,14.334660999999999,1.8756368666666667,0.14004333333333333,132.39633333333333,No,No,No,No,0
LRCX,Technology,Semiconductor Equipment & Materials,58.50868,39.816875,0.65066004,33.049,55.027725000000004,28.783711000000004,0.523790035,31.724,No,No,No,Yes,1
WMB,Energy,Oil & Gas Midstream,29.333334,6.790629,0.21503,200.371,22.336124599999998,7.77539416,0.3174539908,240.2548,No,Yes,Yes,No,2
C,Financial Services,Banks - Diversified,14.821581,1.2091024,0.08529,,14.548403,1.806136625,0.12523000125,,No,Yes,N/A,No,1
CI,Healthcare,Healthcare Plans,11.468234,1.7199903,0.16758,74.29,22.767939,2.2073586,0.057156,72.0042,Yes,Yes,No,Yes,3
EXPD,Industrials,Integrated Freight & Logistics,27.266764,11.478981,0.4267,26.745,26.5761666,7.6019212399999985,0.285378,102.3806,No,No,Yes,Yes,2
LKQ,Consumer Cyclical,Auto Parts,14.000001,0.99048823,0.07131,82.105,14.000001,0.99048823,0.07131,82.105,No,No,No,No,0
PNR,Industrials,Specialty Industrial Machinery,16.929115,2.8362389,0.17126,47.067,32.3772535,4.7464518,0.14921999833333333,55.88616666666667,Yes,Yes,Yes,Yes,4
AMGN,Healthcare,Drug Manufacturers - General,25.968924,19.326548,0.91473,490.281,46.29609,2.0260299374999997,0.36770714,191.1494285714286,Yes,No,No,Yes,2
VLTO,Industrials,Pollution & Treatment Controls,24.56927,7.691216,0.34312,115.978,24.56927,7.691216,0.34312,115.978,No,No,No,No,0
WELL,Real Estate,REIT - Healthcare Facilities,103.277534,3.772407,0.03836,41.375,103.277534,3.772407,0.03836,41.375,No,No,No,No,0
IDXX,Healthcare,Diagnostics & Research,39.840477,27.729519,0.74211,67.971,40.703307125,285.9395879375,0.22030714128571427,2161.667375,Yes,Yes,Yes,Yes,4
PANW,Technology,Software - Infrastructure,332.7731,11.6361065,0.048309997,7.698,78.68721981818182,158.2196027153846,0.6039858355916666,4852.889666666667,No,Yes,Yes,No,2
XYL,Industrials,Specialty Industrial Machinery,28.647621,2.5529387,0.09182999,28.642,32.3772535,4.7464518,0.14921999833333333,55.88616666666667,Yes,Yes,Yes,No,3
DE,Industrials,Farm & Heavy Construction Machinery,34.71542,6.031696,0.18349001,376.022,37.725082,9.314798066666667,0.26411668000000005,314.61633333333333,Yes,Yes,No,No,2
MSI,Technology,Communication Equipment,37.02548,28.803965,0.91567004,357.85,42.36991,13.694613266666666,0.41733668,166.87033333333332,Yes,No,No,Yes,2
PFE,Healthcare,Drug Manufacturers - General,35.263157,1.7931218,0.05014,74.253,46.29609,2.0260299374999997,0.36770714,191.1494285714286,Yes,Yes,Yes,No,3
PPG,Basic Materials,Specialty Chemicals,16.436964,3.0208006,0.19297001,86.938,28.113555666666667,5.315857975,0.1491924975,100.99975,Yes,Yes,Yes,Yes,4
STE,Healthcare,Medical Devices,28.824179,3.1938038,0.11389,28.312,35.9182226,5.7168182000000005,0.163952004,42.5584,Yes,Yes,Yes,No,3
TSCO,Consumer Cyclical,Specialty Retail,18.937172,7.1980095,0.39513,248.71,20.6407,9.4327057,0.44208000000000003,154.226,Yes,Yes,No,No,2
QCOM,Technology,Semiconductors,18.620337,6.2976265,0.33754003,55.21,54.09527633333333,12.04603556,0.340206001,42.361200000000004,Yes,Yes,No,No,2
KR,Consumer Defensive,Grocery Stores,33.467834,6.1856894,0.13779001,373.449,33.467834,6.1856894,0.13779001,373.449,No,No,No,No,0
UBER,Technology,Software - Application,16.64035,6.2432117,0.3716,51.872,44.40717484615384,12.757015418750001,0.15759933346666666,63.50013333333334,Yes,Yes,Yes,Yes,4
INTC,Technology,Semiconductors,,6.0233884,-0.10715,48.997,54.09527633333333,12.04603556,0.340206001,42.361200000000004,N/A,Yes,No,No,1
DLR,Real Estate,REIT - Specialty,250.10126,2.7377787,0.02912,67.944,74.84069828571428,-1.391046814285714,0.1313375075,181.62675000000002,No,No,Yes,No,1
NDAQ,Financial Services,Financial Data & Stock Exchanges,27.882856,4.5750318,0.16521999,77.687,25.108762000000002,8.349881766666666,0.2553183316666667,86.28416666666665,No,Yes,Yes,No,2
WFC,Financial Services,Banks - Diversified,12.919354,1.6563898,0.12575,,14.548403,1.806136625,0.12523000125,,Yes,Yes,N/A,Yes,3
SNPS,Technology,Software - Infrastructure,94.43807,2.586353,0.03824,35.574,78.68721981818182,158.2196027153846,0.6039858355916666,4852.889666666667,No,Yes,Yes,No,2
D,Utilities,Utilities - Regulated Electric,23.553265,2.1594203,0.08281,160.459,17.49529742857143,2.0865267,0.11344571428571427,176.60742857142856,No,No,Yes,No,1
RJF,Financial Services,Asset Management,15.779425,2.738207,0.18416001,47.594,23.227159,4.3795234,0.25351500125,52.044,Yes,Yes,Yes,No,3
BMY,Healthcare,Drug Manufacturers - General,14.240088,5.91762,0.46598998,201.859,46.29609,2.0260299374999997,0.36770714,191.1494285714286,Yes,No,No,Yes,2
CLX,Consumer Defensive,Household & Personal Products,22.195833,143.19893,1.6376,2221.429,24.109022599999996,35.90854228,0.663170004,554.4639999999999,Yes,No,No,Yes,2
SBUX,Consumer Cyclical,Restaurants,62.745667,-16.122086,,,38.45532566666667,-61.86823866666666,0.49560001,246.35,No,No,N/A,N/A,0
FLUT,Consumer Cyclical,Gambling,,1.9493239,-0.07874,134.484,,1.9493239,-0.07874,134.484,N/A,No,No,No,0
ANET,Technology,Computer Hardware,64.43671,17.35447,0.31476,,31.319586333333334,-52.903330000000004,0.811645,11.868,No,No,N/A,No,0
T,Communication Services,Telecom Services,8.112211,1.5308919,0.18339,129.054,9.502184666666667,1.4976998333333336,0.15222999866666667,137.86966666666666,Yes,No,Yes,Yes,3
KHC,Consumer Defensive,Packaged Foods,,0.8359959,-0.0876,52.591,16.408202,1.8765408333333333,0.018493333333333344,106.5365,N/A,Yes,Yes,No,2
CDNS,Technology,Software - Application,64.11287,13.001766,0.23229,38.661,44.40717484615384,12.757015418750001,0.15759933346666666,63.50013333333334,No,No,Yes,Yes,2
SCHW,Financial Services,Capital Markets,19.90235,4.3291507,0.20273,151.106,17.881495333333334,3.4650857333333334,0.18381666333333335,464.5896666666667,No,No,Yes,Yes,2
CMCSA,Communication Services,Telecom Services,8.155764,1.0343329,0.114879996,100.474,9.502184666666667,1.4976998333333336,0.15222999866666667,137.86966666666666,Yes,Yes,Yes,No,3
CBOE,Financial Services,Financial Data & Stock Exchanges,22.68421,5.4468746,0.26297,28.09,25.108762000000002,8.349881766666666,0.2553183316666667,86.28416666666665,Yes,Yes,Yes,Yes,4
CHD,Consumer Defensive,Household & Personal Products,32.47436,5.5260434,0.17041,55.851,24.109022599999996,35.90854228,0.663170004,554.4639999999999,No,Yes,Yes,No,2
USB,Financial Services,Banks - Regional,12.982071,1.6748477,0.12623,,13.22531725,1.3944307,0.1082675,,Yes,No,N/A,Yes,2
TAP,Consumer Defensive,Beverages - Brewers,,0.7779255,-0.19466,76.03,,0.7779255,-0.19466,76.03,N/A,No,No,No,0
DECK,Consumer Cyclical,Footwear & Accessories,13.271693,5.542355,0.42558,20.521,13.271693,5.542355,0.42558,20.521,No,No,No,No,0
ETN,Industrials,Specialty Industrial Machinery,46.92857,8.693309,0.19684,105.059,32.3772535,4.7464518,0.14921999833333333,55.88616666666667,No,No,No,Yes,1
AXON,Industrials,Aerospace & Defense,250.23984,13.609312,0.06221,50.363,82.2465168,12.72012786,0.256833996,79.4648,No,No,Yes,No,1
MELI,Consumer Cyclical,Internet Retail,49.7483,11.831266,0.27504,168.586,35.5390735,8.50702025,0.29031001,107.1015,No,No,No,No,0
MCK,Healthcare,Medical Distribution,22.986048,-23.43757,,,26.078099666666663,-7.578827,0.96871,446.516,Yes,Yes,N/A,N/A,2
CMS,Utilities,Utilities - Regulated Electric,21.174175,2.3153713,0.09158,185.604,17.49529742857143,2.0865267,0.11344571428571427,176.60742857142856,No,No,No,No,0
COR,Healthcare,Medical Distribution,23.309023,19.39017,0.96871,446.516,26.078099666666663,-7.578827,0.96871,446.516,Yes,No,No,No,1
FERG,Industrials,Industrial Distribution,24.159687,7.7406874,,111.063,25.23404366666667,9.5304956,0.38672998999999997,102.52566666666667,Yes,Yes,No,N/A,2
TGT,Consumer Defensive,Discount Stores,20.54293,4.307995,0.22015,117.548,34.4264125,15.055037500000001,0.25583500000000003,88.9025,Yes,Yes,No,No,2
DAL,Industrials,Airlines,15.142619,2.7376847,0.20125,96.649,15.142619,2.7376847,0.20125,96.649,No,No,No,No,0
TRGP,Energy,Oil & Gas Midstream,25.710983,18.270693,0.70839995,515.794,22.336124599999998,7.77539416,0.3174539908,240.2548,No,No,No,Yes,1
KEYS,Technology,Scientific & Technical Instruments,57.164783,9.54391,0.18174,43.642,44.848181499999995,4.998357066666666,0.07851000000000001,43.826,No,No,Yes,Yes,2
CNH,Industrials,Farm & Heavy Construction Machinery,41.56,1.6581552,0.03914,335.044,37.725082,9.314798066666667,0.26411668000000005,314.61633333333333,No,Yes,No,No,1
MU,Technology,Semiconductors,20.617105,10.646528,0.66638,6.33,54.09527633333333,12.04603556,0.340206001,42.361200000000004,Yes,Yes,Yes,Yes,4
BG,Consumer Defensive,Farm Products,24.29526,1.3575059,0.071779996,97.995,24.29526,1.3575059,0.071779996,97.995,No,No,No,No,0
CARR,Industrials,Building Products & Equipment,44.929077,3.9755254,0.08966,91.998,36.347258999999994,6.665450816666667,0.21442167766666664,107.20183333333334,No,Yes,Yes,No,2
EXC,Utilities,Utilities - Regulated Electric,16.764706,1.5849843,0.09711,177.362,17.49529742857143,2.0865267,0.11344571428571427,176.60742857142856,Yes,Yes,No,No,2
CBRE,Real Estate,Real Estate Services,34.75744,5.242286,0.15798001,117.789,34.75744,5.242286,0.15798001,117.789,No,No,No,No,0
HIG,Financial Services,Insurance - Diversified,9.517265,1.9395926,0.22061001,22.33,9.984963533333334,1.1251721594333333,0.18039000500000002,19.102666666666664,Yes,No,No,Yes,2
NOC,Industrials,Aerospace & Defense,18.280533,4.565487,0.26958,95.348,82.2465168,12.72012786,0.256833996,79.4648,Yes,Yes,No,Yes,3
SYK,Healthcare,Medical Devices,35.346115,5.6904287,0.16508,64.391,35.9182226,5.7168182000000005,0.163952004,42.5584,Yes,Yes,No,Yes,3
WSM,Consumer Cyclical,Specialty Retail,27.179373,15.267002,0.54007,79.878,20.6407,9.4327057,0.44208000000000003,154.226,No,No,Yes,Yes,2
WAT,Healthcare,Diagnostics & Research,105.218834,2.6544998,0.019199999,36.045,40.703307125,285.9395879375,0.22030714128571427,2161.667375,No,Yes,Yes,No,2
UPS,Industrials,Integrated Freight & Logistics,19.6171,5.961028,0.29602,189.9,26.5761666,7.6019212399999985,0.285378,102.3806,Yes,Yes,No,Yes,3
JCI,Industrials,Building Products & Equipment,43.148148,6.8046007,0.14332,70.107,36.347258999999994,6.665450816666667,0.21442167766666664,107.20183333333334,No,No,Yes,No,1
URI,Industrials,Rental & Leasing Services,27.172161,7.5731235,0.28895,166.793,27.172161,7.5731235,0.28895,166.793,No,No,No,No,0
OVV,Energy,Oil & Gas E&P,17.651558,1.4988093,0.08411,43.734,21.167981625000003,1.6510234499999998,0.0929050005,31.9115,Yes,Yes,No,No,2
KKR,Financial Services,Asset Management,35.476925,3.6687033,0.0728,69.812,23.227159,4.3795234,0.25351500125,52.044,No,Yes,No,No,1
FTV,Technology,Scientific & Technical Instruments,32.53158,3.0861795,0.07318,59.283,44.848181499999995,4.998357066666666,0.07851000000000001,43.826,Yes,Yes,No,No,2
REGN,Healthcare,Biotechnology,19.763855,2.5496423,0.14043,8.535,29.656065333333334,8.799849425,0.23785749250000002,64.49025,Yes,Yes,Yes,No,3
NEM,Basic Materials,Gold,14.41793,3.43119,0.25905,15.807,14.41793,3.43119,0.25905,15.807,No,No,No,No,0
AFL,Financial Services,Insurance - Life,13.021505,2.0065615,0.16908,53.365,14.334660999999999,1.8756368666666667,0.14004333333333333,132.39633333333333,Yes,No,Yes,Yes,3
TRV,Financial Services,Insurance - Property & Casualty,9.940891,2.3302977,0.26511,27.378,11.269478333333334,2.7132821333333332,0.2659866633333334,29.339,Yes,Yes,Yes,No,3
DGX,Healthcare,Diagnostics & Research,25.057323,3.4545639,0.14602,81.074,40.703307125,285.9395879375,0.22030714128571427,2161.667375,Yes,Yes,Yes,No,3
A,Healthcare,Diagnostics & Research,29.739042,5.915755,0.21330999,49.733,40.703307125,285.9395879375,0.22030714128571427,2161.667375,Yes,Yes,Yes,No,3
WDAY,Technology,Software - Application,64.515625,7.692164,0.10858,56.936,44.40717484615384,12.757015418750001,0.15759933346666666,63.50013333333334,No,Yes,Yes,No,2
PLTR,Technology,Software - Infrastructure,154.31897,44.004425,0.38097,2.139,78.68721981818182,158.2196027153846,0.6039858355916666,4852.889666666667,No,Yes,Yes,No,2
IQV,Healthcare,Diagnostics & Research,30.039803,6.4420795,0.22818,257.975,40.703307125,285.9395879375,0.22030714128571427,2161.667375,Yes,Yes,Yes,Yes,4
BBY,Consumer Cyclical,Specialty Retail,15.805555,5.8331056,0.39104,134.09,20.6407,9.4327057,0.44208000000000003,154.226,Yes,Yes,Yes,No,3
PLD,Real Estate,REIT - Industrial,31.380001,2.4551857,0.07749,63.823,31.380001,2.4551857,0.07749,63.823,No,No,No,No,0
MLM,Basic Materials,Building Materials,35.46615,2.8333073,0.08894,54.945,26.363816999999997,2.77006415,0.12353,66.2685,No,No,Yes,No,1
TFC,Financial Services,Banks - Regional,12.18161,1.1030852,0.09059,,13.22531725,1.3944307,0.1082675,,Yes,Yes,N/A,No,2
PTC,Technology,Software - Application,14.342032,4.910495,0.35053003,46.335,44.40717484615384,12.757015418750001,0.15759933346666666,63.50013333333334,Yes,Yes,Yes,Yes,4
HPE,Technology,Communication Equipment,55.90654,3.1298068,0.06315,84.03,42.36991,13.694613266666666,0.41733668,166.87033333333332,No,Yes,Yes,No,2
CAH,Healthcare,Medical Distribution,31.939228,-18.689081,,,26.078099666666663,-7.578827,0.96871,446.516,No,Yes,N/A,N/A,1
AIZ,Financial Services,Insurance - Property & Casualty,13.460469,2.2749507,0.18341999,36.211,11.269478333333334,2.7132821333333332,0.2659866633333334,29.339,No,Yes,No,No,1
PYPL,Financial Services,Credit Services,11.453687,2.6351497,0.24497,71.751,19.09603075,20.07863005,0.6518050000000001,187.88375000000002,Yes,Yes,Yes,No,3
MRVL,Technology,Semiconductors,74.557045,10.679676,0.16028,28.97,54.09527633333333,12.04603556,0.340206001,42.361200000000004,No,Yes,Yes,No,2
IT,Technology,Information Technology Services,16.469004,-70.554276,1.13581,,14.9647392,-10.43693778,0.478174,142.17374999999998,No,Yes,N/A,Yes,2
SNOW,Technology,Software - Application,,60.28949,-0.54869,142.912,44.40717484615384,12.757015418750001,0.15759933346666666,63.50013333333334,N/A,No,No,No,0
IRM,Real Estate,REIT - Specialty,89.80142,-29.425983,,,74.84069828571428,-1.391046814285714,0.1313375075,181.62675000000002,No,Yes,N/A,N/A,1
KVUE,Consumer Defensive,Household & Personal Products,22.588236,3.49345,0.15581,81.617,24.109022599999996,35.90854228,0.663170004,554.4639999999999,Yes,Yes,Yes,No,3
CMG,Consumer Cyclical,Restaurants,30.194445,18.79539,0.49560001,246.35,38.45532566666667,-61.86823866666666,0.49560001,246.35,Yes,No,No,No,1
BALL,Consumer Cyclical,Packaging & Containers,17.744986,2.8519456,0.17151,131.495,17.550645000000003,2.9323492666666664,0.09346334,128.77933333333334,No,Yes,No,Yes,2
BKR,Energy,Oil & Gas Equipment & Services,20.664495,3.162197,0.16463,80.925,23.029809,3.0627697,0.14686000500000002,63.963499999999996,Yes,No,No,Yes,2
AMP,Financial Services,Asset Management,13.794538,7.928974,0.63432,67.578,23.227159,4.3795234,0.25351500125,52.044,Yes,No,No,Yes,2
AKAM,Technology,Software - Infrastructure,44.42908,3.7886302,0.08918,196.672,78.68721981818182,158.2196027153846,0.6039858355916666,4852.889666666667,Yes,Yes,Yes,No,3
VEEV,Healthcare,Health Information Services,42.747887,5.6357636,0.13934,1.411,42.747887,5.6357636,0.13934,1.411,No,No,No,No,0
NUE,Basic Materials,Steel,21.696415,2.8104744,0.14548999,30.512,21.696415,2.8104744,0.14548999,30.512,No,No,No,No,0
EA,Communication Services,Electronic Gaming & Multimedia,59.743587,7.7727118,0.16458,26.43,59.743587,7.7727118,0.16458,26.43,No,No,No,No,0
J,Industrials,Engineering & Construction,47.81063,5.1636167,0.07998,124.734,50.200953,8.223040566666667,0.21227999333333333,68.64866666666667,Yes,Yes,No,No,2
SYF,Financial Services,Credit Services,8.146491,1.7142979,0.20786,,19.09603075,20.07863005,0.6518050000000001,187.88375000000002,Yes,Yes,N/A,No,2
ACGL,Financial Services,Insurance - Diversified,7.6169386,1.4349073,0.19936001,17.836,9.984963533333334,1.1251721594333333,0.18039000500000002,19.102666666666664,Yes,No,Yes,Yes,3
HBAN,Financial Services,Banks - Regional,13.669231,1.2071191,0.09002,,13.22531725,1.3944307,0.1082675,,No,Yes,N/A,No,1
AJG,Financial Services,Insurance Brokers,42.038143,2.7393663,0.06722,59.401,27.589395333333332,4.888944700000001,0.23727666333333333,104.75733333333334,No,Yes,Yes,No,2
MSTR,Technology,Software - Application,,1.1682469,-0.63562,14.938,44.40717484615384,12.757015418750001,0.15759933346666666,63.50013333333334,N/A,Yes,Yes,No,2
HRL,Consumer Defensive,Packaged Foods,28.752941,1.691935,0.05831,4.244,16.408202,1.8765408333333333,0.018493333333333344,106.5365,No,Yes,Yes,Yes,3
KMB,Consumer Defensive,Household & Personal Products,21.495144,21.037628,1.04913,348.933,24.109022599999996,35.90854228,0.663170004,554.4639999999999,Yes,Yes,Yes,Yes,4
LII,Industrials,Building Products & Equipment,18.583296,11.144235,0.71757007,156.082,36.347258999999994,6.665450816666667,0.21442167766666664,107.20183333333334,Yes,No,No,Yes,2
WST,Healthcare,Medical Instruments & Supplies,44.265984,8.149927,0.19087,10.585,51.75042266666667,4.860575425,0.0741550025,36.452,Yes,No,Yes,Yes,3
WDC,Technology,Computer Hardware,18.6916,23.29859,1.30853,11.868,31.319586333333334,-52.903330000000004,0.811645,11.868,Yes,No,No,Yes,2
MKC,Consumer Defensive,Packaged Foods,9.0599,2.092621,0.24728,65.143,16.408202,1.8765408333333333,0.018493333333333344,106.5365,Yes,No,Yes,Yes,3
CEG,Utilities,Utilities - Independent Power Producers,27.23754,3.0960345,0.15055001,76.419,27.23754,3.0960345,0.15055001,76.419,No,No,No,No,0
SBAC,Real Estate,REIT - Specialty,19.765392,-4.2663035,,,74.84069828571428,-1.391046814285714,0.1313375075,181.62675000000002,Yes,Yes,N/A,N/A,2
CPRT,Industrials,Specialty Business Services,18.030674,3.1011922,0.17607,1.059,18.030674,3.1011922,0.17607,1.059,No,No,No,No,0
CHRW,Industrials,Integrated Freight & Logistics,28.501911,10.746151,0.37123,121.188,26.5761666,7.6019212399999985,0.285378,102.3806,No,No,No,Yes,1
FBIN,Industrials,Building Products & Equipment,39.37398,2.5043955,0.06406,121.292,36.347258999999994,6.665450816666667,0.21442167766666664,107.20183333333334,No,Yes,No,No,1
COIN,Financial Services,Financial Data & Stock Exchanges,,3.1037612,-0.07847,50.982,25.108762000000002,8.349881766666666,0.2553183316666667,86.28416666666665,N/A,Yes,Yes,No,2
WTW,Financial Services,Insurance Brokers,21.045368,4.0403805,0.19761999,91.39,27.589395333333332,4.888944700000001,0.23727666333333333,104.75733333333334,Yes,Yes,Yes,No,3
KMX,Consumer Cyclical,Auto & Truck Dealerships,37.298138,1.3927543,0.03588,307.787,37.298138,1.3927543,0.03588,307.787,No,No,No,No,0
EIX,Utilities,Utilities - Regulated Electric,7.294118,1.5589228,0.19734,228.042,17.49529742857143,2.0865267,0.11344571428571427,176.60742857142856,Yes,Yes,No,Yes,3
MDB,Technology,Software - Infrastructure,,12.954359,-0.00975,1.998,78.68721981818182,158.2196027153846,0.6039858355916666,4852.889666666667,N/A,Yes,Yes,No,2
DXCM,Healthcare,Medical Devices,36.158104,13.17017,0.38491002,53.346,35.9182226,5.7168182000000005,0.163952004,42.5584,No,No,No,Yes,1
POOL,Industrials,Industrial Distribution,18.316896,5.7847834,0.31254998,134.537,25.23404366666667,9.5304956,0.38672998999999997,102.52566666666667,Yes,Yes,No,No,2
FOX,Communication Services,Entertainment,14.561403,2.096489,0.14291,64.06,19.818455333333333,4.171202425,0.15764,63.22475,Yes,Yes,No,No,2
PHM,Consumer Cyclical,Residential Construction,13.18687,1.8826702,0.14901,19.065,13.18687,1.8826702,0.14901,19.065,No,No,No,No,0
FDX,Industrials,Integrated Freight & Logistics,18.283945,2.5735042,0.14846,135.697,26.5761666,7.6019212399999985,0.285378,102.3806,Yes,Yes,No,No,2
WBD,Communication Services,Entertainment,,2.1354368,-0.08786,94.199,19.818455333333333,4.171202425,0.15764,63.22475,N/A,Yes,No,No,1
APD,Basic Materials,Specialty Chemicals,,4.9003158,0.00023,110.091,28.113555666666667,5.315857975,0.1491924975,100.99975,N/A,Yes,No,No,1
WY,Real Estate,REIT - Specialty,37.60606,1.8959591,0.04974,57.625,74.84069828571428,-1.391046814285714,0.1313375075,181.62675000000002,Yes,No,Yes,No,2
ES,Utilities,Utilities - Regulated Electric,15.464668,1.6644772,0.09016,180.7,17.49529742857143,2.0865267,0.11344571428571427,176.60742857142856,Yes,Yes,No,No,2
FSLR,Technology,Solar,23.156315,2.3293521,0.18509,1.88,23.156315,2.3293521,0.18509,1.88,No,No,No,No,0
CPB,Consumer Defensive,Packaged Foods,11.411765,1.7222757,0.15389,182.035,16.408202,1.8765408333333333,0.018493333333333344,106.5365,Yes,Yes,No,Yes,3
PWR,Industrials,Engineering & Construction,76.889145,10.489897,0.15337,67.78,50.200953,8.223040566666667,0.21227999333333333,68.64866666666667,No,No,Yes,No,1
GDDY,Technology,Software - Infrastructure,14.933135,1896.2264,4.42861,57334.33,78.68721981818182,158.2196027153846,0.6039858355916666,4852.889666666667,Yes,No,No,Yes,2
OC,Industrials,Building Products & Equipment,,3.2640793,-0.094510004,150.328,36.347258999999994,6.665450816666667,0.21442167766666664,107.20183333333334,N/A,Yes,No,No,1
EQT,Energy,Oil & Gas E&P,12.5475645,1.3392438,0.11078,19.595,21.167981625000003,1.6510234499999998,0.0929050005,31.9115,Yes,Yes,Yes,Yes,4
BXP,Real Estate,REIT - Office,36.410526,2.1407351,0.05308,211.631,36.410526,2.1407351,0.05308,211.631,No,No,No,No,0
TEAM,Technology,Software - Application,,39.64175,-0.04478,116.483,44.40717484615384,12.757015418750001,0.15759933346666666,63.50013333333334,N/A,No,No,No,0
IP,Consumer Cyclical,Packaging & Containers,,1.5062822,-0.16479,68.509,17.550645000000003,2.9323492666666664,0.09346334,128.77933333333334,N/A,Yes,Yes,No,2
DT,Technology,Software - Application,99.5098,6.012321,0.058790002,6.499,44.40717484615384,12.757015418750001,0.15759933346666666,63.50013333333334,No,Yes,Yes,No,2
CNC,Healthcare,Healthcare Plans,,1.4459308,-0.20358999,71.082,22.767939,2.2073586,0.057156,72.0042,N/A,Yes,Yes,No,2
HUBS,Technology,Software - Application,85.590744,6.2577405,0.07892,14.3,44.40717484615384,12.757015418750001,0.15759933346666666,63.50013333333334,No,Yes,Yes,No,2
RCL,Consumer Cyclical,Travel Services,19.011044,8.09657,0.44669998,224.816,21.3577445,-3.4499575,0.44669998,224.816,Yes,No,No,No,1
COF,Financial Services,Credit Services,12.3322315,1.3334407,0.09031,,19.09603075,20.07863005,0.6518050000000001,187.88375000000002,Yes,Yes,N/A,No,2
TWLO,Technology,Software - Infrastructure,34.497925,4.873864,0.13497,11.868,78.68721981818182,158.2196027153846,0.6039858355916666,4852.889666666667,Yes,Yes,Yes,No,3
MRNA,Healthcare,Biotechnology,,3.7562704,-0.38998002,19.036,29.656065333333334,8.799849425,0.23785749250000002,64.49025,N/A,Yes,Yes,No,2
PSX,Energy,Oil & Gas Refining & Marketing,12.872718,3.2691064,0.23452999,62.884,12.872718,3.2691064,0.23452999,62.884,No,No,No,No,0
HUM,Healthcare,Healthcare Plans,36.35222,2.4876256,0.06893,76.485,22.767939,2.2073586,0.057156,72.0042,No,No,No,Yes,1
NTAP,Technology,Software - Infrastructure,31.830746,29.738865,1.06734,202.295,78.68721981818182,158.2196027153846,0.6039858355916666,4852.889666666667,Yes,Yes,Yes,Yes,4
ADI,Technology,Semiconductors,57.146927,5.5024323,0.09639,25.81,54.09527633333333,12.04603556,0.340206001,42.361200000000004,No,Yes,Yes,No,2
ZBH,Healthcare,Medical Devices,24.167477,1.5033518,0.06413,60.175,35.9182226,5.7168182000000005,0.163952004,42.5584,Yes,Yes,No,No,2
HUBB,Industrials,Electrical Equipment & Parts,30.401678,6.8487234,0.24444,141.642,30.401678,6.8487234,0.24444,141.642,No,No,No,No,0
AON,Financial Services,Insurance Brokers,19.684675,7.8870873,0.44699,163.481,27.589395333333332,4.888944700000001,0.23727666333333333,104.75733333333334,Yes,No,No,Yes,2
EME,Industrials,Engineering & Construction,25.903084,9.015608,0.40348998,13.432,50.200953,8.223040566666667,0.21227999333333333,68.64866666666667,Yes,No,Yes,Yes,3
COO,Healthcare,Medical Instruments & Supplies,64.91525,1.8120742,0.02853,33.093,51.75042266666667,4.860575425,0.0741550025,36.452,No,Yes,Yes,No,2
FFIV,Technology,Software - Infrastructure,33.121017,6.1310816,0.1983,6.546,78.68721981818182,158.2196027153846,0.6039858355916666,4852.889666666667,Yes,Yes,Yes,No,3
FANG,Energy,Oil & Gas E&P,38.001904,1.4769439,0.034930002,28.678,21.167981625000003,1.6510234499999998,0.0929050005,31.9115,No,Yes,Yes,No,2
CCK,Consumer Cyclical,Packaging & Containers,17.356304,4.43882,0.27367002,186.334,17.550645000000003,2.9323492666666664,0.09346334,128.77933333333334,Yes,No,No,Yes,2
HWM,Industrials,Aerospace & Defense,60.95259,19.736217,0.34732,81.368,82.2465168,12.72012786,0.256833996,79.4648,Yes,No,No,Yes,2
JBHT,Industrials,Integrated Freight & Logistics,39.211113,7.249942,0.18448,38.373,26.5761666,7.6019212399999985,0.285378,102.3806,No,Yes,Yes,No,2
HOLX,Unknown,Unknown,,,,,,,,,N/A,N/A,N/A,N/A,0
FICO,Technology,Software - Application,30.214907,-5.8547564,,,44.40717484615384,12.757015418750001,0.15759933346666666,63.50013333333334,Yes,Yes,N/A,N/A,2
HPQ,Technology,Computer Hardware,10.830449,-199.36305,,,31.319586333333334,-52.903330000000004,0.811645,11.868,Yes,Yes,N/A,N/A,2
LH,Healthcare,Diagnostics & Research,26.66033,3.0322027,0.11728,79.124,40.703307125,285.9395879375,0.22030714128571427,2161.667375,Yes,Yes,Yes,No,3
IEX,Industrials,Specialty Industrial Machinery,34.357758,4.415088,0.12955,47.06,32.3772535,4.7464518,0.14921999833333333,55.88616666666667,No,Yes,Yes,No,2
SYY,Consumer Defensive,Food Distribution,22.82787,14.997308,0.77692,561.403,22.82787,14.997308,0.77692,561.403,No,No,No,No,0
SLB,Energy,Oil & Gas Equipment & Services,25.395123,2.9633424,0.12909001,47.002,23.029809,3.0627697,0.14686000500000002,63.963499999999996,No,Yes,Yes,No,2
CRWD,Technology,Software - Infrastructure,,49.55614,-0.0024899999,17.568,78.68721981818182,158.2196027153846,0.6039858355916666,4852.889666666667,N/A,Yes,Yes,No,2
TRMB,Technology,Scientific & Technical Instruments,,2.3649817,-0.01939,28.553,44.848181499999995,4.998357066666666,0.07851000000000001,43.826,N/A,Yes,Yes,No,2
FDS,Financial Services,Financial Data & Stock Exchanges,18.31505,5.0556297,0.27032,77.284,25.108762000000002,8.349881766666666,0.2553183316666667,86.28416666666665,Yes,Yes,Yes,Yes,4
IR,Industrials,Specialty Industrial Machinery,34.826447,3.2129922,0.0947,47.903,32.3772535,4.7464518,0.14921999833333333,55.88616666666667,No,Yes,Yes,No,2
ODFL,Industrials,Trucking,40.780716,9.842595,0.24818,0.44,40.780716,9.842595,0.24818,0.44,No,No,No,No,0
CAG,Consumer Defensive,Packaged Foods,,1.1584494,-0.25064,117.577,16.408202,1.8765408333333333,0.018493333333333344,106.5365,N/A,Yes,No,No,1
HLT,Consumer Cyclical,Lodging,47.38848,-11.487807,,,47.38848,-11.487807,,,No,No,N/A,N/A,0
BLK,Financial Services,Asset Management,27.857748,3.1822093,0.122779995,23.192,23.227159,4.3795234,0.25351500125,52.044,No,Yes,Yes,No,2
MTD,Healthcare,Diagnostics & Research,32.465622,2235.5625,,16668.447,40.703307125,285.9395879375,0.22030714128571427,2161.667375,Yes,No,No,N/A,1
MOS,Basic Materials,Agricultural Inputs,,0.60395986,-0.05073,52.249,,0.60395986,-0.05073,52.249,N/A,No,No,No,0
AVTR,Healthcare,Medical Instruments & Supplies,,1.6640635,-0.09701,65.678,51.75042266666667,4.860575425,0.0741550025,36.452,N/A,Yes,No,No,1
FIS,Technology,Information Technology Services,6.442336,1.4280168,0.22348,132.51,14.9647392,-10.43693778,0.478174,142.17374999999998,Yes,No,Yes,No,2
LULU,Consumer Cyclical,Apparel Retail,9.78396,2.834989,0.32027,44.264,9.78396,2.834989,0.32027,44.264,No,No,No,No,0
KDP,Consumer Defensive,Beverages - Non-Alcoholic,29.923079,1.6760017,0.051,99.649,24.788931333333334,6.924831233333333,0.32887333333333335,151.37233333333333,No,Yes,Yes,No,2
ALNY,Healthcare,Biotechnology,39.09122,22.431604,0.96555,220.623,29.656065333333334,8.799849425,0.23785749250000002,64.49025,No,No,No,Yes,1
HCA,Healthcare,Medical Care Facilities,13.812143,-13.511633,,,13.812143,-13.511633,,,No,No,N/A,N/A,0
NTNX,Technology,Software - Infrastructure,71.52631,-24.963263,,,78.68721981818182,158.2196027153846,0.6039858355916666,4852.889666666667,Yes,Yes,N/A,N/A,2
LDOS,Technology,Information Technology Services,13.315593,3.3869283,0.27781,123.276,14.9647392,-10.43693778,0.478174,142.17374999999998,Yes,No,Yes,No,2
