ticker,epochs_trained,train_r2,train_rmse,train_dir_acc,val_r2,val_rmse,val_dir_acc,test_r2,test_rmse,test_dir_acc,target_date,forecast_return
FERG,16,0.16592159282024388,0.09041391634780217,73.74830852503383,-0.4997159961346731,0.09494553665032054,39.45945945945946,0.041834196615411545,0.0774563360576867,77.95698924731182,2026-03-11,3.465116
NUE,17,0.36329068994898683,0.0850870687296653,66.09778597785979,-0.26728297380271937,0.10429597653109235,58.30258302583026,-0.29163129262055043,0.09903421342144322,73.16176470588235,2026-03-11,3.7109733
CNH,16,0.1572990919028684,0.09464938422438014,66.85159500693482,0.09974900542147269,0.06707070179887564,62.45353159851301,0.09580904334363849,0.08825732671328997,72.79411764705883,2026-03-11,6.755841
CSCO,16,0.22323366438346504,0.06047803472839277,67.18966312874942,-1.4599180019724218,0.06789449107046089,51.66051660516605,0.12194437534533309,0.05325266131346698,72.05882352941177,2026-03-11,2.1478295
WELL,32,0.8835451379889793,0.03320895853087034,90.58606368251039,-0.21782467157896335,0.056634494707238525,61.48148148148148,-0.13042157384763242,0.060076269468049115,71.69117647058823,2026-03-11,-5.2247167
LDOS,16,0.19482947057763866,0.07462575705213553,66.42066420664207,0.16262674933007848,0.07293584598048145,67.52767527675276,-0.12117061081478475,0.06925216121712392,71.69117647058823,2026-03-11,-6.938672
REGN,17,0.49627099631935634,0.062240521306794,75.65698478561549,-0.1682231200915163,0.10163687005873918,51.291512915129154,0.17691289643700192,0.08571130637127838,70.58823529411765,2026-03-11,-7.990843
ECL,26,0.8212832631485996,0.026431483289469343,84.91697416974169,-0.1608988973864549,0.04483196845804037,56.82656826568265,0.10059904884164494,0.051810146811614596,70.22058823529412,2026-03-11,4.5564413
SNOW,33,0.9032822104476783,0.04952581469915142,89.68446601941747,-0.4318899262551126,0.14559412567158342,57.28155339805825,-0.2842461404471983,0.1424789943109734,69.90291262135922,2026-03-11,1.3551593
PSX,16,0.34032421281085024,0.08782153112017567,71.59981558321807,-0.6624831917440084,0.10311212086370121,43.91143911439114,0.1383234854197386,0.08626389970512713,69.48529411764706,2026-03-11,-7.986319
GE,17,0.48448229167067614,0.08269268050093108,75.59963099630997,-0.5810004878862902,0.09131760530985043,55.71955719557196,-0.19559846460450703,0.09199223681259755,69.48529411764706,2026-03-11,6.650436
MDB,22,0.705017535557446,0.10263413792216133,81.7471590909091,-0.23492829927636505,0.21350226187128735,52.84090909090909,-0.309686897261475,0.16904870272480643,68.92655367231639,2026-03-11,4.654622
HWM,29,0.8758200810804664,0.042003643559292606,86.69581511555278,0.3123266813098061,0.06297829343470632,76.0,-0.4345758638242694,0.1014202039174046,68.1592039800995,2026-03-11,1.3510108
J,51,0.9284148581628097,0.019347338729659463,92.34670355002305,-0.1632353925810126,0.058304934535781616,69.74169741697416,-0.07023292054980601,0.06950433359390139,68.01470588235294,2026-03-11,-3.6464453
RTX,16,0.11699242826272716,0.07504258459350449,63.05350553505535,-0.2255055925375169,0.057022539474511885,59.040590405904055,-0.5060567953617148,0.060233823561342055,68.01470588235294,2026-03-11,2.3422122
XYL,16,0.14744840805645776,0.06913934402339977,70.5122288878634,-0.061322315523473,0.06001187346720697,64.20664206642066,0.09804478045876108,0.06367705720598488,68.01470588235294,2026-03-11,4.4250727
LULU,16,0.1689579679362162,0.10002753008922521,64.46700507614213,-0.09083595648394294,0.1323099971255404,52.398523985239855,0.05369028336123749,0.14193063572976988,68.01470588235294,2026-03-11,-3.983146
MS,22,0.7895737996906994,0.0424069714098387,84.77859778597787,-0.4261053795641192,0.08737628489839586,65.31365313653137,0.13199872616082076,0.07295018657440472,67.27941176470588,2026-03-11,-5.9257507
VRTX,17,0.40977826703778253,0.06537738890297475,72.52189949285385,-0.18038358232894103,0.07772444663383583,45.75645756457565,-0.23197158509369786,0.09254533837451495,66.54411764705883,2026-03-11,0.80503225
DGX,19,0.5620054221355169,0.0483075024503558,76.34854771784232,-0.31157436412147543,0.05214908715727051,60.147601476014756,-0.40886208042020433,0.05798786669214236,65.68265682656826,2026-03-11,2.9794574
AMAT,16,0.25250527770130826,0.09075729402764991,75.23062730627306,-0.22842700411076233,0.11275268218536329,56.457564575645755,0.016049694337753495,0.12418844582279748,65.44117647058823,2026-03-11,6.7407966
JCI,16,0.23105612924331687,0.07204873856797832,64.7140221402214,-0.30255247402294727,0.06524059966201837,55.71955719557196,-0.10777796889320834,0.08262137336050575,64.57564575645756,2026-03-11,1.7863393
HD,16,0.22239630225507145,0.0596298721618645,67.95758414015675,0.06123287370360997,0.0609869279670815,61.254612546125465,0.1349315615297758,0.0596616241164886,64.33823529411765,2026-03-11,-0.7054925
PLD,16,0.22417919369259576,0.06601813066183768,68.37488457987074,-0.10746440451809702,0.0910843994239947,46.86346863468634,-0.06723268394266446,0.07011279030985942,64.33823529411765,2026-03-11,0.5490422
COF,21,0.723463484309759,0.05537056068929785,86.01753576372866,-1.1235860197029401,0.10324160234556207,54.24354243542435,-0.21897317776171232,0.09960086309918893,64.33823529411765,2026-03-11,4.7761083
INTC,18,0.5864364921650731,0.05529869130371312,76.93726937269373,0.08432627693942774,0.15873503578486614,48.33948339483395,-0.1112441743533783,0.14973820246541825,64.33823529411765,2026-03-11,4.207802
EA,16,0.13391189325070074,0.06989830958983011,63.669893960350386,-0.10824138827471486,0.05905710669673265,59.25925925925925,0.007102907966971328,0.08191885533360753,64.33823529411765,2026-03-11,3.4210086
FANG,17,0.44997637170929916,0.12133828795904004,72.7859778597786,-0.030333901528089013,0.08064148270277198,63.837638376383765,0.13593112015335507,0.07277942199714652,64.20664206642066,2026-03-11,-1.7196596
APD,31,0.9027291164830139,0.020910559278936737,90.45202952029521,0.20495974671802408,0.07144979191694659,73.80073800738008,-0.3480236882272294,0.08049409325173448,63.60294117647059,2026-03-11,-4.967153
AON,17,0.3899472895449607,0.05024211981629447,73.69635440701431,-0.07178392736135675,0.06652931079302486,56.457564575645755,-0.2902245510070869,0.05480749124711173,63.60294117647059,2026-03-11,6.1109304
IR,23,0.7502896755339102,0.05257039823927527,85.63794255177021,-0.2121522171479835,0.09143708678664479,57.21925133689839,-0.18961055657007986,0.07400028824360573,63.297872340425535,2026-03-11,-9.752333
GOOG,16,0.04213569673918838,0.06958374220687463,66.25172890733056,-0.2400483860813658,0.0751220921094897,39.85239852398524,-0.0075987964477362,0.08828024969545777,63.23529411764706,2026-03-11,2.5455952
EXPD,20,0.7587808112428367,0.03082153631801765,83.8635315813739,0.15704618450173125,0.0411157827879169,58.671586715867164,-0.27581046065913095,0.073890817946332,62.86764705882353,2026-03-11,2.0681262
MTD,19,0.5611864853625999,0.050044126323405255,77.96219455970494,-0.04913164626037725,0.08129092952466908,63.837638376383765,-0.8738818167667952,0.10462503884985479,62.86764705882353,2026-03-11,-6.999916
EXC,19,0.4547642205698774,0.046164023850459965,76.91597414589104,-0.38769536554100936,0.0621410569364786,45.018450184501845,0.14059028524320494,0.04549018324612524,62.5,2026-03-11,-0.6175041
BR,16,0.22572417907547904,0.057337528616014634,70.75645756457564,-0.2935390847935444,0.04130925298017664,64.20664206642066,-0.14104535442222255,0.05958288378363552,62.5,2026-03-11,-2.5779843
ADSK,20,0.7115767352205704,0.054157767884527766,83.99446494464945,-0.9546030906389593,0.10872944346921459,40.59040590405904,0.11105485143304528,0.07247280314125651,62.5,2026-03-11,15.947687
CBRE,16,0.194136658808306,0.08588718548787197,66.17443470235348,-0.4763532304360709,0.09160796441816638,57.93357933579336,-0.10514246932880678,0.07247024295693635,62.13235294117647,2026-03-11,1.8834591
CAT,19,0.6367242932917823,0.0511813663000831,84.50899031811895,-0.4635549606913012,0.08776125006075729,63.46863468634686,-0.3375244272598177,0.10714221083345071,61.76470588235294,2026-03-11,6.402874
NEE,26,0.8686604880275005,0.024281335670917305,88.7863405629903,-0.37645329099163183,0.08657728471590308,71.21771217712177,-0.26336051103844516,0.06953699639026316,61.76470588235294,2026-03-11,-7.2403374
HCA,16,0.2525181037820776,0.08246770908777805,67.9280110752192,-0.2899393363220093,0.09322829052803101,33.579335793357934,-0.08201005315615872,0.062143265977031556,61.029411764705884,2026-03-11,5.0174594
CRH,29,0.8910601534328377,0.02659078138313627,89.01200369344414,-0.09613153754745452,0.07226145101472363,71.21771217712177,-0.22199017555137202,0.0900738024942301,60.66176470588235,2026-03-11,3.4959674
LOW,16,0.30136231365621446,0.07117829520866757,72.60147601476015,0.32738306415779017,0.05097265679466982,85.97785977859779,0.07880362138026387,0.06864957064391916,60.66176470588235,2026-03-11,1.340878
MCK,16,0.15149452723937706,0.06732294762792879,63.2088520055325,0.06036780898464189,0.07447509984171437,60.147601476014756,-0.3042446653240829,0.05745168232356218,60.66176470588235,2026-03-11,-0.15709996
BRK-B,19,0.5245689856230594,0.03652417953846772,80.91286307053942,-0.3646970107834946,0.044462190275544655,62.73062730627307,-0.40746270019136177,0.04547037284912208,60.66176470588235,2026-03-11,3.3008337
KVUE,16,0.47498028582134133,0.06778776279243119,76.53061224489795,-2.6221098677060133,0.16371311679280157,16.666666666666664,-9.770503217508441,0.09729013590212075,60.526315789473685,2026-03-11,6.9873214
KEYS,23,0.7260070525245377,0.04255151116093022,84.05365126676601,0.0034037132082489485,0.06949507613604138,62.54980079681275,-0.1965277219659256,0.09624667256275568,60.47430830039525,2026-03-11,-8.030957
ACGL,19,0.577150818522156,0.050926322856805296,82.45614035087719,-0.2313810536087728,0.08019218834056048,61.254612546125465,-0.6630111819823796,0.0530259685015744,60.29411764705882,2026-03-11,5.114925
FICO,17,0.37969521101057047,0.07370597873295759,73.44398340248964,-0.09078139754355741,0.08886776958240132,76.38376383763837,-0.9416433352650984,0.15918958549796025,60.29411764705882,2026-03-11,17.309643
GWW,16,0.34759685527630924,0.06529636092955787,73.41947392708815,-0.7605753265856876,0.08164919864814334,50.55350553505535,-0.13669291547607942,0.06309798416818493,60.29411764705882,2026-03-11,1.9348979
ES,41,0.9214617761155591,0.01685326659452219,93.53348729792148,0.4325324790648867,0.04966851206786738,71.58671586715867,-0.027002162748171576,0.06337647893401065,60.147601476014756,2026-03-11,-6.7827463
PHM,27,0.586250210588823,0.06875964697274997,85.96491228070175,-0.16820855970258863,0.09586229503007175,55.71955719557196,-0.46625206017421883,0.09341393367598458,60.147601476014756,2026-03-11,6.616986
CMI,16,0.3106762114196795,0.06011894445092554,69.24850161364684,-0.6566720224690847,0.07372679596582947,61.62361623616236,-0.3150270820603751,0.10124648584144996,59.92647058823529,2026-03-11,1.7253876
KO,16,0.20524111996831407,0.04353491939150379,69.88452655889145,-0.10585091637826172,0.043074416785241036,54.24354243542435,-0.07011759992653999,0.04602655777118626,59.55882352941176,2026-03-11,-1.9861639
HON,16,0.2807595573455156,0.05350518971829803,71.6789667896679,-0.4490820598719538,0.05311282026011605,40.0,-0.02329205999853845,0.06454222055008962,59.55882352941176,2026-03-11,-1.0661185
HUBB,18,0.5325718382804662,0.050730412291702914,78.23881973259567,-0.0510149013132799,0.06636611724496486,68.26568265682657,-0.3944166663405513,0.09031857452884566,59.55882352941176,2026-03-11,7.273221
LKQ,16,0.3100271733400034,0.07704737591140565,69.59334565619224,-0.36025613691020975,0.07652989242836077,49.07063197026022,-0.28690804333765185,0.098717221503798,59.55882352941176,2026-03-11,-0.75754523
DXCM,16,0.27361041770192485,0.12142491748579513,68.32641770401106,0.11921447101782379,0.13770580905244462,57.93357933579336,0.13132760045537428,0.11428368705243831,59.40959409594095,2026-03-11,-4.9105525
KHC,18,0.535773011225873,0.05687120165941569,80.08565310492506,-0.010627698006544284,0.056570748062243575,65.38461538461539,-1.2119388638977986,0.06973258487947451,59.401709401709404,2026-03-11,-0.72428584
VLTO,16,0.37944521106092366,0.04110364898631176,64.76190476190476,-0.61421415591062,0.028985941939900808,53.84615384615385,-0.03561794465742607,0.04555217296870311,59.25925925925925,2026-03-11,2.3319364
LLY,22,0.8214182035051107,0.030118485265813965,87.76546629732225,-0.13193334148660973,0.09668081105925859,61.62361623616236,-0.6695087881941042,0.13074561030250012,59.19117647058824,2026-03-11,9.081209
PWR,17,0.33482741081986,0.07536220676186473,71.77121771217713,0.23794418808345663,0.06667964157863814,69.37269372693727,-0.11869012135312018,0.11104005677052922,59.19117647058824,2026-03-11,5.812633
CMS,17,0.3639180686759832,0.042246388271796775,75.40378403322566,-0.19642214636605626,0.0456864736889749,56.457564575645755,-0.2298139458748567,0.04229687378053481,58.82352941176471,2026-03-11,2.7007222
CVX,16,0.32981065914463203,0.0705388275697121,66.22058144900784,-0.2666383288486849,0.05648863584092208,35.05535055350554,-0.25016032070882277,0.07428888684503612,58.82352941176471,2026-03-11,-0.06956458
FDX,53,0.9551950508669684,0.02050703526405997,92.99216228676809,-0.09421704341341508,0.08659357762787277,61.254612546125465,-1.2953981668229009,0.11858689962146204,58.82352941176471,2026-03-11,-7.130182
DAL,26,0.875691718710288,0.0429104953528652,86.49147072383587,-0.24276703202783123,0.11203402675701146,63.837638376383765,0.0018022197131170037,0.13871574164361336,58.82352941176471,2026-03-11,-6.2543926
ABBV,17,0.33318401378890705,0.0613011563193748,68.49630996309963,-0.07910857819798078,0.06832034860550804,59.040590405904055,-0.1619045765300513,0.07553862672599558,58.671586715867164,2026-03-11,1.3991356
FLUT,27,0.8889360423146123,0.03707107087102012,91.8918918918919,-0.2603584780802717,0.11192890588095246,64.02877697841727,-0.391562539887069,0.14416194910625038,58.57142857142858,2026-03-11,12.513018
FI,18,0.5310088330546827,0.04122565513909875,80.70664807066481,-1.02567829471247,0.0640131895230104,58.7360594795539,-0.2611548259458296,0.21897026925356375,58.51851851851851,2026-02-09,-0.49698353
TFC,18,0.2529942330305278,0.0832323580428227,67.78957083525611,-0.23623682630748233,0.07670972354233876,54.61254612546126,0.08161101837604512,0.0756196944793064,58.45588235294118,2026-03-11,1.6983032
DE,18,0.5370687869924701,0.05436593433457706,76.11802674043338,-0.25114614476210506,0.06930374222737935,54.61254612546126,-0.5289805425946705,0.07927016061772542,58.45588235294118,2026-03-11,6.707132
AJG,36,0.9000700925584322,0.01861361251028382,90.63653136531366,0.1748817552613655,0.04849445092230957,74.16974169741697,-0.38264881128114503,0.08644487438346328,58.45588235294118,2026-03-11,6.0656548
EIX,23,0.8279540739883735,0.031240141984741482,85.29276164130935,-0.23011285993040298,0.0644913952291677,56.08856088560885,-0.446944148218118,0.13719526249946817,58.30258302583026,2026-03-11,-2.499473
ADI,27,0.8160971200280952,0.03150117659518771,87.26937269372694,0.2080532921337016,0.05379846267678147,62.73062730627307,-0.3752439431509422,0.11536939522365083,58.08823529411765,2026-03-11,1.3948917
POOL,17,0.23167341726636026,0.06676176750408244,66.69741697416974,-0.1533904245036135,0.08060108485260953,45.75645756457565,-0.12343570981741214,0.0810414655223335,58.08823529411765,2026-03-11,-1.6782761
WMB,16,0.37521409928272587,0.08781703860394566,71.90959409594096,-0.4990813835395078,0.06414381049284501,49.815498154981555,-0.10563174867076852,0.05471610854560328,58.08823529411765,2026-03-11,-0.35814047
KDP,16,0.13892973250324747,0.055789344816697,67.9280110752192,0.026989198713051943,0.05690789264811658,58.671586715867164,0.019240772609925072,0.07355897688854497,58.08823529411765,2026-03-11,2.768886
MSI,28,0.8645275799359823,0.024169288831027935,89.76486860304288,-0.6009557876847573,0.05216325232959457,67.52767527675276,-0.8463048182073734,0.09309584674427325,57.720588235294116,2026-03-11,4.675734
RCL,20,0.333203180773594,0.142861716053198,77.48038763267189,-0.9678482786505695,0.11270867894587888,35.05535055350554,-0.3470322936788155,0.159501818497799,57.720588235294116,2026-03-11,1.5205145
D,16,0.22157501732541163,0.050467497119334015,67.89838337182448,-0.3225424332159066,0.060517997053939364,50.184501845018445,-0.06350100863709196,0.037165011199784104,57.564575645756456,2026-03-11,1.2245536
PPG,17,0.362129817299768,0.0594620216992236,73.90502535730752,0.044905724616741804,0.04320601976233433,55.35055350553506,-0.12967415409966287,0.07541921603819622,57.19557195571956,2026-03-11,3.751874
AMZN,16,0.07169331077491559,0.08677025617307858,68.6030428769018,0.05189929582366348,0.059914926065578814,78.22878228782287,-0.16672922471785,0.08537178861087093,56.98529411764706,2026-03-11,4.0513277
MKC,17,0.3819664282141696,0.050797733527680834,70.53941908713693,-0.10152939351884482,0.05619869788521912,64.57564575645756,-0.17954431336215393,0.05369970903361854,56.82656826568265,2026-03-11,-1.9265056
JBHT,20,0.6918237251771859,0.041371579663889775,80.30442804428044,-0.2184396441225036,0.07930485644022435,56.08856088560885,-0.6157591291460529,0.12671340032732412,56.61764705882353,2026-03-11,-4.7164083
WAT,18,0.41275333750338017,0.05668285278241182,75.14983863531582,-0.2523597767305674,0.1006193477914028,52.767527675276746,0.004946749602409373,0.09436363822820827,56.61764705882353,2026-03-11,4.500699
CNC,18,0.3750432098005658,0.0663400598520104,74.73441108545035,-0.30810035856546536,0.09020375211752234,59.40959409594095,-0.0783222548407072,0.208948102198669,56.61764705882353,2026-03-11,6.431937
LH,17,0.3439142972334477,0.0640441556685731,74.81549815498155,0.005068900839084178,0.050038071580292325,62.36162361623616,-0.0285821283936758,0.05927451928114462,56.61764705882353,2026-03-11,-2.7561784
INTU,17,0.21602475962237533,0.06688788745094833,71.96864914707238,-0.04299231344380394,0.06026850663079114,56.08856088560885,-0.05014718166983334,0.10770843500066621,56.61764705882353,2026-03-11,-1.3749897
SYF,28,0.9084604523667181,0.035812792817049674,90.06332196785193,-0.580082180690723,0.09226877403144707,60.70038910505836,-0.056800136991519645,0.11737148435257566,56.42023346303502,2026-03-11,-8.715534
TGT,20,0.6251504749161793,0.05770805784273969,80.9040590405904,-0.486893481907537,0.10325508435656545,56.08856088560885,-0.3046480270705272,0.10443067972141794,56.25,2026-03-11,-8.35247
TSLA,41,0.9336304566918554,0.04627626713191055,91.79345320424159,-0.19354100805764518,0.1935451630700506,59.040590405904055,-0.2628434924428893,0.17828920240514035,56.25,2026-03-11,11.461139
TRV,22,0.6743535209375946,0.03544343339718041,81.74273858921161,-0.06550188143767666,0.05829691791614572,68.63468634686348,-0.17563089422976175,0.04554809280004399,56.25,2026-03-11,4.845834
JPM,33,0.9033949550409366,0.022999267975368977,89.34993084370679,-0.3097554287260358,0.056036997421284186,57.93357933579336,-0.10292909285587237,0.07051737596114858,56.25,2026-03-11,3.963399
IEX,16,0.16855370683893411,0.05747044526767691,63.57768556938681,-0.0700875809327921,0.06466823160299624,54.61254612546126,-0.09475599629685494,0.0776919242771275,56.25,2026-03-11,2.1721244
MRK,16,0.08915846719153075,0.051432266172855436,60.221504383940925,-0.3468448781422233,0.07125035412369787,51.66051660516605,-0.2576135199286329,0.09177377172941814,56.25,2026-03-11,-0.57830215
UPS,16,0.23871621753271954,0.06558934696761934,72.06085753803596,-1.2969130192984482,0.08160258907519943,48.708487084870846,-0.8377543323496837,0.11952338990689652,56.25,2026-03-11,0.25234222
WST,16,0.21599830909200413,0.07552852585620323,63.024435223605344,-0.06287259184397986,0.07267827017618493,49.815498154981555,-0.21548748907158255,0.14808764472372143,56.25,2026-03-11,0.7861495
FTV,16,0.24232413944988007,0.0681641942954063,67.60479041916167,0.02545543226842284,0.059910894491086115,64.42307692307693,-0.1976380900474075,0.06609317703835627,56.19047619047619,2026-03-11,0.36011934
HPE,16,0.17560485776731227,0.08454514215145618,68.49087893864014,-0.18170512412775763,0.11969104547202643,43.80530973451327,-0.04931106778306593,0.1263933226571244,56.14035087719298,2026-03-11,0.1666069
BMY,16,0.21007161879712555,0.06403099656438756,67.25173210161662,0.01754510441431434,0.07526403279779449,61.99261992619927,0.02098420695012726,0.07544591167286169,56.08856088560885,2026-03-11,-2.6067853
COST,20,0.7679133582193922,0.0289985450473193,85.93173431734317,0.1850075494910427,0.04891221044281456,71.58671586715867,-0.7646271321862224,0.08856843242618848,55.88235294117647,2026-03-11,0.8174777
FOX,18,0.5790682260475053,0.04694276594813234,79.34397163120568,-0.33434302352582734,0.08637464425086902,60.28368794326241,-0.9257535039180862,0.08399767649855272,55.633802816901415,2026-03-11,-1.874131
KMI,23,0.7618526231138616,0.04673349737845695,83.89478541762806,-0.7973614481412716,0.06519240750289435,50.92250922509225,-0.14158521891154363,0.05732063928625896,55.51470588235294,2026-03-11,0.04467964
HLT,20,0.5082258970726712,0.05985342880511797,78.77249653899399,-0.1722118412284761,0.046953324647505325,71.95571955719558,-0.4042376224686619,0.09079234595247893,55.51470588235294,2026-03-11,3.6177397
NDAQ,16,0.24055627879593044,0.05505374054688399,68.74135546334716,-0.2267815397542734,0.05176274578474002,59.62962962962963,0.10652045277262867,0.061936689139472055,55.35055350553506,2026-03-11,2.5070786
CI,16,0.22132687210315694,0.0673176603633465,67.58875057630244,-0.11693373665774387,0.07773704897907624,44.64944649446495,-0.002767991537715897,0.06848087798582488,55.14705882352941,2026-03-11,-1.9954145
SYY,17,0.18482680551616004,0.07559895550953714,68.41862609497464,-0.057650654128223344,0.043007361213101385,54.81481481481482,-0.10577751988170414,0.052798796046154964,55.14705882352941,2026-03-11,0.20651817
MCO,17,0.3047299188031495,0.06195818742165018,72.01475334255417,-0.08287986434698436,0.046519559037462944,64.81481481481481,-0.21857194278417413,0.07243769525206134,55.14705882352941,2026-03-11,0.9039521
C,38,0.938285498852507,0.024970201030162332,91.10189027201476,-0.5207422165660371,0.0730863055535615,66.42066420664207,-0.3919234724817524,0.1083870142094483,54.779411764705884,2026-03-11,6.1511755
GS,16,0.1341948004894341,0.07960208112768359,64.59197786998617,-1.1115210513516107,0.07902615534873285,39.11439114391143,-0.26846141840647264,0.09726638787852009,54.779411764705884,2026-03-11,7.320285
IRM,19,0.5919327249426065,0.04881378261612344,79.55699123211814,-0.6021649495357568,0.09601597700399801,57.93357933579336,-0.3571141937022122,0.11894699586381453,54.41176470588235,2026-03-11,4.7293663
WTW,17,0.27915716414097647,0.052183518340776024,68.21955719557195,0.05356920412267663,0.043114561198495764,61.254612546125465,-0.15815283326722218,0.047453297697137214,54.41176470588235,2026-03-11,0.76311827
BBY,18,0.29590723175454814,0.08493722293317311,65.92899953895804,0.2753923528158191,0.07268046233111582,68.26568265682657,-0.2909848789465701,0.10611671855059898,54.41176470588235,2026-03-11,3.7121415
BAC,16,0.22797625849801573,0.08220210304909677,68.59122401847574,-0.19815779141001655,0.06389933689406005,62.36162361623616,-0.1218210827834012,0.07471485010038434,54.41176470588235,2026-03-11,1.3199687
A,16,0.1354421257777476,0.06334518895488535,64.42085832948777,0.018415627415228397,0.07104173972056009,59.40959409594095,-0.03290678970661465,0.09106955504773162,54.41176470588235,2026-03-11,2.4493694
HUM,20,0.6519343305625538,0.047317443035654945,80.86675887505763,-0.4582966002326174,0.13610563246608443,40.959409594095945,0.0008233747661027246,0.13191236685943522,54.41176470588235,2026-03-11,13.186132
AXON,18,0.5011630555160407,0.09971453059451107,76.01476014760148,-0.4583941179391491,0.14115197132765123,61.99261992619927,-0.49890618510328744,0.17917070342890865,54.04411764705882,2026-03-11,6.3175917
NEM,16,0.2517506503333924,0.08850658503267331,65.12915129151291,-0.00886370361435418,0.1159073407684145,46.86346863468634,-1.1554970227358727,0.115574142773119,54.04411764705882,2026-03-11,7.328737
NVDA,17,0.38286735807795524,0.10611457785567753,78.09040590405904,-0.34347985807601966,0.15731047528803643,50.92250922509225,-0.9314375943537829,0.14680618399278972,53.67647058823529,2026-03-11,0.22107363
ODFL,17,0.3765500435953749,0.0661712754857994,75.21919704660822,-0.019856827677571243,0.09214302979458909,53.874538745387454,0.1277170591361496,0.08946339789344208,53.67647058823529,2026-03-11,-5.0287304
V,16,0.1766575621814679,0.05104707718257755,70.61808118081181,-0.08570849689251481,0.04151854200452572,60.51660516605166,-0.14918327635757378,0.05701394912176358,53.67647058823529,2026-03-11,4.3828607
DHR,16,0.08081566118340866,0.0772697953070505,66.26672819566221,-0.01668476094251825,0.06245504669511402,54.24354243542435,-0.08929591879958543,0.07423997150037784,53.50553505535055,2026-03-11,3.4920335
LIN,40,0.9130590576943611,0.017935265322667957,91.87066974595844,-0.0006536563970425124,0.04682195411489888,71.11111111111111,-0.7486797069589497,0.06406900745031352,53.30882352941176,2026-03-11,-7.407522
DLR,31,0.8910710992642785,0.023107959056215308,92.06642066420663,-0.8921496801032258,0.0674356677732496,58.30258302583026,-0.6144722147973203,0.08615602355437352,53.30882352941176,2026-03-11,-1.2952447
HIG,18,0.46949991680135506,0.05770350414727109,76.14213197969542,0.06855487035220853,0.05098158298999617,71.95571955719558,-0.7594846456602169,0.0641171270945505,53.13653136531366,2026-03-11,2.0399928
ELV,16,0.3613247307290447,0.05934341080875438,73.44398340248964,-0.45135245640002886,0.08404373740428145,57.93357933579336,-0.1743624460951947,0.10963849477497878,52.94117647058824,2026-03-11,9.454799
UNH,16,0.06758515885977734,0.05696834549328929,64.63808206546796,-0.12069501598343235,0.07686769780516636,42.435424354243544,-0.18434663415668728,0.18015576333967273,52.94117647058824,2026-03-11,1.4520168
WFC,29,0.8861887207203913,0.030352246972277532,87.81725888324873,-0.1245574542287613,0.08677415566345581,63.837638376383765,-0.6189711640220812,0.09481153766147768,52.94117647058824,2026-03-11,-8.939981
AMGN,36,0.9278722644105902,0.017535900183986635,92.98892988929889,0.0418224669601428,0.07299574885847476,62.73062730627307,-0.10740899959925576,0.07233585072826813,52.57352941176471,2026-03-11,-9.307045
CAH,17,0.34965507632363224,0.06534396964852998,73.62840018441679,-0.10300767154388413,0.06243186082304637,53.13653136531366,-0.6152917369824196,0.10066446536305322,52.57352941176471,2026-03-11,0.92612505
COR,20,0.7200949085140474,0.03605589803998228,85.66159520516366,0.04220647029244751,0.0559413024099723,69.00369003690037,-0.47480159721469106,0.06328547200475196,52.57352941176471,2026-03-11,4.2392015
NFLX,20,0.7917038801574824,0.05994363848821749,84.64730290456431,-0.5620986128535794,0.09051133354986447,64.57564575645756,-1.123761954293367,0.14517424240943297,52.57352941176471,2026-03-11,5.9610367
QCOM,16,0.216436976627857,0.09284180660520566,69.8339483394834,-0.27142196830998166,0.10597666853999353,50.0,-0.03029244241469531,0.0839994804912247,52.57352941176471,2026-03-11,2.8102875
LNG,16,0.15442761919705883,0.09297476810740453,61.208487084870846,-0.46049147330458196,0.07217451124225091,38.00738007380074,-0.16097058058203784,0.067322326162698,52.57352941176471,2026-03-11,0.56494474
ADBE,16,0.27902251393229505,0.07253260879812069,71.77121771217713,-0.35055428470913874,0.10689756274572475,50.184501845018445,-0.3031794178249203,0.1078896952842476,52.57352941176471,2026-03-11,7.8104854
VZ,17,0.34146170154814437,0.04231277638367951,75.79529737206086,-0.12307674073818164,0.05220793476130621,57.19557195571956,-0.1295155978279925,0.05225813452936706,52.398523985239855,2026-03-11,-0.62021613
CCK,17,0.3288691165644805,0.06426505110008505,68.60572483841182,-0.09183880276452006,0.08976260020447814,54.61254612546126,-0.20810142139692123,0.06619415336673373,52.20588235294118,2026-03-11,1.5799046
AAPL,46,0.9218207924003738,0.022857163364023356,93.4040590405904,0.36357131113476815,0.04944656626352092,71.21771217712177,-0.7231385880499202,0.0964742212266945,52.20588235294118,2026-03-11,-3.3254862
SBUX,16,0.21620720978623176,0.0601823675136246,68.0350553505535,-0.11752689050229082,0.09350167308223707,42.80442804428044,-0.15708369912359887,0.10279104568672194,52.20588235294118,2026-03-11,1.9298553
PEP,29,0.8791702999097698,0.01589252654979448,89.61698200276881,-0.6129186527803612,0.04977486675166392,56.457564575645755,-0.3277790279058381,0.06733252657153091,52.20588235294118,2026-03-11,-2.4483383
FSLR,16,0.24112774603593612,0.11899187136822482,68.52791878172589,0.1549087320403414,0.13717910897780064,60.88560885608856,-0.4212612751027902,0.15402260153103603,52.20588235294118,2026-03-11,-2.446103
PLTR,16,0.45407129472415975,0.1486894559949695,74.01960784313727,-1.107596500810204,0.1838174693584084,57.84313725490197,-3.0540163405442113,0.2410153249764158,51.9607843137255,2026-03-11,11.006784
IDXX,16,0.2907645380993036,0.07568913845058213,69.70954356846472,-0.097419932074716,0.07711552397854152,49.07749077490775,-0.17429621506073678,0.09790056003100982,51.83823529411765,2026-03-11,-2.1748722
STE,16,0.0839292298364599,0.06430787758248686,66.43614568925771,0.10486835137990247,0.0613724963825978,56.08856088560885,-0.05496081027161104,0.05333251072694105,51.83823529411765,2026-03-11,0.43655634
ANET,18,0.5534511830164406,0.07558937161194346,79.35823754789271,-0.0501820733405558,0.09160234643524925,66.66666666666666,-0.2562889026225461,0.17152284186647573,51.526717557251914,2026-03-11,-7.252085
VEEV,17,0.3651677176265763,0.08143374066771403,73.8929889298893,-0.5467367931673133,0.09878437795249571,60.147601476014756,-0.09340210960083684,0.10468712978785238,51.470588235294116,2026-03-11,4.6114326
ALNY,17,0.23145439212390995,0.14004451216353747,66.29783310281235,0.07757578887058925,0.14971675943851978,61.62361623616236,-0.23828718512513758,0.14026491807207941,51.291512915129154,2026-03-11,7.252264
COIN,32,0.9076470295771852,0.07904060273957002,92.51412429378531,-0.26968088206932883,0.2435123790886455,63.63636363636363,-3.0443889981509162,0.3052158221619913,51.11111111111111,2026-03-11,1.3707876
CRM,19,0.5028794249894075,0.061475116032900075,79.89857076994006,-0.4671581617182232,0.10776451752560934,58.30258302583026,-0.20969831012095064,0.10199882107877906,51.10294117647059,2026-03-11,6.5256476
TXN,19,0.6255537589239584,0.0400464925233734,82.24169741697416,-0.6464633483962663,0.07741969095620652,52.767527675276746,-0.09714962461720811,0.11521924435373189,51.10294117647059,2026-03-11,0.4210472
HRL,16,0.18656514267277424,0.05290600377747709,66.40516843562528,0.0430343189702207,0.06533204007632101,61.99261992619927,-0.28954857996902117,0.06720630849660966,51.10294117647059,2026-03-11,0.07543564
IP,16,0.25093377515963966,0.06909330119673496,70.57736720554273,-0.22700470233954118,0.10174194835265991,50.92250922509225,-0.13401204272527134,0.09854697526219183,51.10294117647059,2026-03-11,-2.395326
TT,16,0.20761119493577618,0.0672025221960661,67.54264638082066,0.13159196460374145,0.050738160327544156,78.59778597785979,0.049467580030248204,0.07794598696809209,50.73529411764706,2026-03-11,5.3915977
ORCL,18,0.5328934942489867,0.044934236985533525,74.91931765790687,0.01061547313808786,0.0931699094853847,57.93357933579336,-0.22271189989532636,0.18496989024466148,50.73529411764706,2026-03-11,14.35833
IQV,16,0.21942375540724302,0.07406402560899322,66.05166051660517,0.05451717751961871,0.07744692013767998,50.92250922509225,-0.6682653177618887,0.13232955867198784,50.73529411764706,2026-03-11,0.7306695
AXP,19,0.6118560786759706,0.05081796199138236,81.68819188191881,-0.42112846321027275,0.059647638279025174,76.75276752767527,-0.5223732636873653,0.09681940628733703,50.73529411764706,2026-03-11,-4.846901
OVV,17,0.3004186917857582,0.20095837405820827,67.02029520295203,-0.5383955908547848,0.10360386403345659,57.564575645756456,-0.3384367250657614,0.11447574072977505,50.73529411764706,2026-03-11,-5.8313313
SNPS,17,0.3318843510372478,0.06427738603501867,72.89935364727609,-0.5076389067915341,0.09770778423699368,59.040590405904055,-0.3300239505088116,0.16180067601765907,50.36764705882353,2026-03-11,14.4670725
ETN,16,0.20414208873665374,0.06515648645718365,69.04981549815497,-0.4213357937758473,0.0839022597617463,49.44649446494465,-0.12393301494974596,0.09501190547640458,50.0,2026-03-11,2.6096106
COP,16,0.3048451932440629,0.0999888394954358,65.32964499769479,-0.4769709261187678,0.07943604803366136,51.85185185185185,-0.886442132047246,0.08652540804780016,50.0,2026-03-11,-2.7306795
SLB,19,0.6571452649127553,0.07717203547658619,81.5959409594096,-0.14549557934892143,0.07655959072551519,63.837638376383765,-0.4790839381247549,0.11552074386543498,49.815498154981555,2026-03-11,1.6480684
KMB,16,0.16692501239904667,0.04730931846864418,64.82249884739511,-0.09276675368680132,0.04158496277785831,51.291512915129154,-0.2885388094879402,0.0685948868782158,49.63235294117647,2026-03-11,3.1115532
ZTS,20,0.6071554358357288,0.041123325327643734,82.28782287822878,-0.47398842561042853,0.08573121578143084,40.959409594095945,-0.48832285744433834,0.08120181049895808,49.63235294117647,2026-03-11,-2.9623628
AIZ,31,0.8901563488272428,0.023932957617738757,90.27201475334256,-0.013239147536482365,0.05586398357262421,63.46863468634686,-1.813502714304621,0.09758397851254824,49.63235294117647,2026-03-11,3.5050154
NTNX,16,0.09532854586490336,0.16962768957414814,65.53428042001237,-0.0010608997911314422,0.10948598156187316,55.44554455445545,-0.06660778241785548,0.16104885235279762,49.50980392156863,2026-03-11,-3.1389594
GIS,24,0.8068926488997227,0.02441261291352772,87.4942316566682,-0.017769543410749433,0.05262975828223189,64.94464944649447,-2.138770289688692,0.06787505126420028,49.44649446494465,2026-03-11,2.6964307
AMP,23,0.7205864766362406,0.05181389793042603,84.87084870848709,-0.4884184904165716,0.06760648285613888,71.21771217712177,-1.481321809149605,0.09576994267015015,49.26470588235294,2026-03-11,2.206707
BG,22,0.8418875479575966,0.034941138530262296,85.56273062730627,-0.1998470038066802,0.0843745301146562,68.26568265682657,-0.48971929121263136,0.10726206354916569,49.26470588235294,2026-03-11,-3.214848
MRVL,18,0.5590449152134365,0.07519774937855732,80.64665127020785,-0.06489310559310102,0.1092933150181134,66.05166051660517,-0.24498417087378765,0.1957711956423554,49.26470588235294,2026-03-11,12.9706745
MOS,16,0.1794849248852709,0.12059863325247228,61.1905860636825,-0.3450565070118008,0.06917489231245086,70.84870848708486,-0.0497831630488168,0.126892930505046,49.26470588235294,2026-03-11,-0.037825108
TRGP,21,0.5364935464301743,0.14352139176363343,80.08298755186722,-0.6363476995248061,0.0988694787210659,52.398523985239855,-0.24912868195045834,0.09218662349381733,49.26470588235294,2026-03-11,2.7403116
TAP,17,0.4881139797402805,0.05706733519568102,77.59336099585063,0.2324555101704474,0.06095198894183281,62.36162361623616,-0.22774237903410954,0.07133332477130663,48.89705882352941,2026-03-11,1.6148448
WDAY,33,0.8970532837766967,0.033876307494884114,90.17074296262113,-0.18780796460170257,0.09981496133591532,65.68265682656826,-1.749843401339081,0.13832565405505795,48.708487084870846,2026-03-11,23.557245
EQIX,23,0.8178469223706043,0.028793350434180975,85.5232826187183,0.34464112092633603,0.04845870550025795,67.15867158671587,-0.5510124799575247,0.08708961857618244,48.529411764705884,2026-03-11,-2.3743033
MSFT,17,0.40262845156268834,0.048027285854490315,79.0590405904059,-0.2512375984203967,0.05449255766955759,66.42066420664207,-0.5307464109511311,0.08997921327786648,48.529411764705884,2026-03-11,2.1223664
UNP,16,0.2122853292595681,0.06159648311823754,64.22314430613186,-0.07521349728700488,0.050662306629849656,50.184501845018445,-0.19614630664839017,0.05858301592300727,48.529411764705884,2026-03-11,-0.61807036
WY,22,0.6236734590498927,0.05599634519505533,80.10156971375808,-0.05807610047141765,0.07095653729544185,59.77859778597786,-0.6681768516828528,0.0899643447122539,48.529411764705884,2026-03-11,-2.787453
OC,17,0.37711766630739263,0.07522483355760182,75.32287822878229,-0.2090960103449977,0.08343317449273145,64.57564575645756,-0.7560930670197241,0.13918756565289153,48.161764705882355,2026-03-11,-3.406769
SBAC,16,0.2448103772952095,0.06229125458919432,69.92619926199262,-0.4885333222505297,0.08871846920575127,38.74538745387454,-0.5065864657405093,0.06577991782245525,48.161764705882355,2026-03-11,0.7188797
MELI,17,0.3738398556570408,0.10975611401671939,76.71738128169665,0.03692848476770594,0.09803122219399149,60.88560885608856,-0.445246208983874,0.10754411878864299,47.794117647058826,2026-03-11,2.333939
LRCX,30,0.9055992899554315,0.03314425737145239,91.60903642231443,-0.30548700205266877,0.1188888744142253,56.82656826568265,-1.2314513194345102,0.18604715302915367,47.794117647058826,2026-03-11,4.210794
BXP,18,0.18034234592005027,0.0784586883102471,67.6660516605166,0.1097454022873926,0.08545465580179172,57.93357933579336,-0.35778277223970756,0.07695123453266912,47.794117647058826,2026-03-11,8.718384
CMG,16,0.24209450190501636,0.09410251788948498,66.43614568925771,-0.44032040918785764,0.09203312727862563,49.07749077490775,-0.062499608880819846,0.12460055619620038,47.794117647058826,2026-03-11,0.14494658
MSTR,28,0.8849695705059022,0.0636462429233824,82.6187183033656,-0.012551774306581054,0.3292999831251936,68.26568265682657,-0.4884700245769453,0.21372544782894012,47.05882352941176,2026-03-11,12.633717
NXPI,18,0.5276289366340385,0.06653978600909949,78.09040590405904,-0.32177753182058133,0.09334425112263413,53.874538745387454,-0.39811625789167215,0.11535198052740891,46.69117647058824,2026-03-11,5.692041
CDNS,19,0.5045877985814027,0.05723220093060744,80.4247460757156,-0.2529138072017372,0.0916522678329894,53.50553505535055,-0.571584316788333,0.12199989660218961,46.69117647058824,2026-03-11,6.693113
CBOE,16,0.21871096100017506,0.05698209822595036,67.28195662205815,-0.18577355764752745,0.06131168817895535,39.11439114391143,-0.3228252221240999,0.04985647993079106,46.69117647058824,2026-03-11,2.576375
CMCSA,18,0.4132869682902559,0.0493787733327291,70.55837563451777,0.011502771766271125,0.05443935782012896,58.30258302583026,-0.7373996060572685,0.08355216378444927,46.69117647058824,2026-03-11,4.7485113
BALL,16,0.1776563827168628,0.06594758390966557,65.42185338865836,0.09832634935451079,0.06665686275008875,59.040590405904055,-0.6504532569023638,0.09422305623620411,46.494464944649444,2026-03-11,1.5281081
JNJ,16,0.20709800626352992,0.04188070511893083,67.17381281696633,-0.005216819800414552,0.04241912469369742,49.815498154981555,-0.7482294730718371,0.06672216619219812,46.494464944649444,2026-03-11,-2.3171186
AMD,17,0.3233164410496089,0.13241710684634556,70.82755432269995,0.022747965045290863,0.12892316708450402,63.09963099630996,-0.15659358956905867,0.17825158500687058,46.32352941176471,2026-03-11,-2.090019
META,19,0.5431452378242281,0.06822342271940086,80.82065467957584,-0.196047160954834,0.09210358197608909,73.06273062730627,-0.39350655963712655,0.1269669059277687,46.32352941176471,2026-03-11,9.334111
MMC,18,0.33943327205893403,0.04528579503275865,73.80073800738008,-0.013552213335517038,0.035978103047535015,58.30258302583026,-1.1792744771624957,0.0740249698765916,46.32352941176471,2026-03-11,5.0267696
MA,19,0.5900124347462266,0.0412151241505252,81.1259806183664,-0.5314819385475,0.044390345483212405,68.63468634686348,-0.1262315423124023,0.05833918852292119,45.955882352941174,2026-03-11,2.3622751
CCI,18,0.46180955379132715,0.04844294113399961,73.16735822959889,-0.67842947501906,0.09465329953041335,48.708487084870846,-0.7751193229944016,0.08000075741959442,45.955882352941174,2026-03-11,-9.17719
PG,19,0.3435897825405795,0.03865039400158004,78.1725888324873,0.07230457634254195,0.034453514191533786,70.84870848708486,-0.8573565643958139,0.05259014694007748,45.588235294117645,2026-03-11,4.0674806
PEG,16,0.2255835905064827,0.052213430246504856,65.15920627595754,-0.2642855177356196,0.06238430374889647,35.42435424354243,-1.524641171536587,0.05852695607804143,45.588235294117645,2026-03-11,4.570222
EW,30,0.8592580674955096,0.03213204242243279,91.28228782287823,0.43508052093273364,0.08914640453227675,67.03703703703704,-1.6499821327152744,0.08357872663338597,45.588235294117645,2026-03-11,-10.359693
DT,21,0.8082436953518433,0.04725689683562429,86.67935299714557,-0.13707753620608387,0.137448084159402,43.51145038167939,-4.730804891579867,0.1513919092136494,45.45454545454545,2026-03-11,-3.803265
EQT,18,0.5273623890890805,0.09948842166565652,75.40378403322566,0.05684771143938083,0.08778837736310102,69.37269372693727,-0.22809763265576244,0.08939294906738929,45.38745387453875,2026-03-11,-2.808404
PNC,16,0.07405715772700106,0.07939290218722035,62.3789764868603,-0.21374907075547678,0.07414508797917556,64.57564575645756,-0.15774988385117616,0.08694312080533749,45.220588235294116,2026-03-11,-0.09524822
HBAN,23,0.8418583540172979,0.039597223170565084,86.1034164358264,-0.2942818973072794,0.0846841264445925,56.2962962962963,-0.4702170185378831,0.09891996930549814,45.018450184501845,2026-03-11,0.75502396
CHRW,21,0.7150295966703728,0.03538368881964075,85.92524227041993,-0.15318461923322269,0.08433130929552862,60.51660516605166,-0.9473109861245164,0.12582768026199473,44.85294117647059,2026-03-11,0.49359798
TRMB,16,0.26945155801181475,0.0873300923178095,68.23638042474607,-0.25850174290161054,0.0955702333633753,57.19557195571956,-0.02181864723729965,0.09107724604088513,44.85294117647059,2026-03-11,0.33507347
DIS,16,0.22233807644069525,0.0707627897274208,63.88376383763838,-0.06530932695865754,0.08581162967300188,41.69741697416974,-0.025327252693214453,0.0960931161795711,44.85294117647059,2026-03-11,-1.7961383
XOM,18,0.46638472322676994,0.062092947613804364,69.34071000461041,-0.23603880878691075,0.060527747465106085,51.291512915129154,-0.6675019666926485,0.07292141193933513,44.64944649446495,2026-03-11,-2.3070693
AVTR,16,0.4135808863702113,0.06762838544658735,76.007326007326,-0.30091264608491963,0.13010358498906802,50.37037037037037,-0.11454888277839603,0.13324446591137726,44.20289855072464,2026-03-11,-7.1718335
SCHW,22,0.7681400068607094,0.049643858708166205,84.95616059067835,-0.04747555568679096,0.0913870051355386,54.61254612546126,-1.382318852235112,0.09298496104828173,44.11764705882353,2026-03-11,1.5546799
FBIN,16,0.2094020036939802,0.08408234456644677,64.20664206642066,0.147672795562668,0.08347037283348481,59.40959409594095,-0.008629608132896927,0.09395226618240554,44.11764705882353,2026-03-11,8.096207
FFIV,16,0.2712822823504726,0.07053212772148791,66.15952051636698,-0.5987050313417497,0.07326532076717615,62.73062730627307,-0.38246232227198007,0.12853991449385174,44.11764705882353,2026-03-11,-2.9293299
MET,16,0.16801596840205435,0.08238238625855483,69.55719557195572,-0.17660654885113725,0.05325296935636049,62.73062730627307,-0.2929249896444721,0.06306337906420902,43.91143911439114,2026-03-11,-2.4229467
PTC,17,0.19351580721904493,0.08410659481605036,62.8690036900369,-0.3419108998743976,0.05548569468673704,37.63837638376384,-0.259069150712397,0.10473217374793936,43.91143911439114,2026-03-11,0.03260374
HPQ,17,0.32889236233296393,0.07470258369674503,69.28406466512702,-0.30467155355586306,0.08958547141034656,46.666666666666664,-0.7049539870784696,0.13429793239946847,43.75,2026-03-11,17.039131
ISRG,32,0.9215450106434147,0.024286487713052547,93.7759336099585,-0.6656920435616767,0.06601031017741103,70.47970479704797,-0.4873145059192243,0.12488133219715257,43.75,2026-03-11,-2.7181685
AFL,23,0.7477558890666337,0.03608446182891316,83.4409594095941,-0.20189371201994843,0.059109102439881,61.254612546125465,-5.7308800876089965,0.08726392389845442,43.38235294117647,2026-03-11,-6.7981124
PNR,16,0.21143383232019974,0.07341188776209662,63.30106039649608,-0.8017169649363804,0.08155419518501202,38.00738007380074,-0.2817231082698912,0.07688620029393801,43.38235294117647,2026-03-11,-0.3796041
TSCO,26,0.8674153318964467,0.0290014847533522,89.43726937269373,-0.005546289685007144,0.05618453270655923,74.53874538745387,-0.9254704724252643,0.0835043312997039,43.01470588235294,2026-03-11,0.51254034
SYK,19,0.5102050425875703,0.045881155942925536,80.29533917858791,-0.15510455227221898,0.058442957893049124,76.38376383763837,-0.7281074021140999,0.061679423010505066,43.01470588235294,2026-03-11,7.498634
MU,41,0.9137526819697042,0.03592506067027056,92.43193354868482,0.25695745828806327,0.12157691488260117,74.16974169741697,-0.6748478132936182,0.23553741119795873,43.01470588235294,2026-03-11,-5.5530787
AMT,16,0.19633092874832336,0.061593491944874845,64.54587367450438,-0.1488235048782074,0.08394837127181488,42.066420664206646,-1.2348353855778025,0.08104223186795331,43.01470588235294,2026-03-11,-2.022636
TWLO,16,0.16729222066069716,0.15812664807201388,64.53731343283582,-0.28317730072574254,0.19109708342902867,32.535885167464116,-0.16208818355963617,0.1465759972675259,42.857142857142854,2026-03-11,5.6875467
KKR,16,0.20021594288761546,0.08627910242613258,70.61545580749653,-0.506680653685275,0.0798687923475932,75.27675276752768,-0.24395171394005644,0.13498860266407411,42.64705882352941,2026-03-11,1.3827443
BKNG,20,0.6251322418945384,0.05339845181531087,82.28782287822878,-0.5830244355358585,0.09014533806095947,56.82656826568265,-0.44108242669625874,0.09008103967047082,42.64705882352941,2026-03-11,3.7249327
MRNA,16,0.24536152501577013,0.19880884911849356,65.42372881355932,-0.18559052279582167,0.14576456544146207,56.4625850340136,-0.12290212287489655,0.1966493303637313,42.281879194630875,2026-03-11,10.52103
KR,18,0.5053198765448571,0.05476271653090733,77.90590405904058,-1.34445390255383,0.0922763133008355,48.51851851851852,-1.2274921237513081,0.0816360999292371,42.279411764705884,2026-03-11,1.1878967
MMM,31,0.9086178540894354,0.01982467483601633,90.45202952029521,-0.32225679596409806,0.09818347309680284,59.040590405904055,-0.6825345281420212,0.08532882415261721,42.279411764705884,2026-03-11,-1.2800515
WSM,25,0.7666517333288564,0.057432178493743734,85.1083448593822,-0.3593125454717978,0.15324437473602603,40.22140221402214,-1.4233390966888226,0.17112541438983098,42.279411764705884,2026-03-11,13.95191
PGR,19,0.5711711087717598,0.037494383012606984,80.77455048409405,-0.1147676421601489,0.06189226897126743,62.73062730627307,-0.9758491806160929,0.08987115325011294,42.279411764705884,2026-03-11,7.908702
NI,16,0.19810353995761243,0.05164763299894717,70.94688221709006,-0.9274191334585566,0.05293752721192878,45.75645756457565,-0.5654799153487069,0.048875550072033404,42.279411764705884,2026-03-11,1.0596156
UBER,16,0.1687247532316576,0.12085189802898402,67.3674588665448,-0.47581242540378166,0.11522355031412501,69.34306569343066,-1.0446823196986972,0.08471955007085671,42.028985507246375,2026-03-11,1.6743779
RJF,16,0.2671924433526035,0.07570309033274836,68.9718764407561,-1.0335139356004053,0.10014620142526341,46.86346863468634,-0.15225304332073253,0.0732554219312681,41.911764705882355,2026-03-11,1.2486458
COO,17,0.3067181449829892,0.058743343261773925,73.39787920700783,-0.2336561909779511,0.0823197448101098,44.64944649446495,-0.1350829558381148,0.08462635558739473,41.69741697416974,2026-03-11,1.606369
CHD,17,0.3834790110773981,0.04451616580348227,67.08217913204064,-0.257593865558601,0.04428448323141635,59.40959409594095,-0.48703856620389474,0.06827037442850764,41.544117647058826,2026-03-11,-1.9171119
NTAP,17,0.3479575207169415,0.08048739089247385,72.18634686346863,-0.22213998803276636,0.08813548702136506,55.35055350553506,-0.2113561624264979,0.12135720830762818,41.544117647058826,2026-03-11,-11.624169
CARR,20,0.6533211309727682,0.04969272827555545,81.79848320693391,0.26229217675639727,0.10000250722630537,80.0,-0.6991587802095824,0.09609012784222076,41.37931034482759,2026-03-11,-7.4880123
OKE,16,0.1744798000359894,0.14023554617522166,72.89073305670816,-0.6294399926768521,0.07538726497156654,26.56826568265683,-1.1127257772327592,0.09336252303965235,41.17647058823529,2026-03-11,5.747843
BLK,21,0.8082739906130821,0.03562921724955797,88.79668049792531,-0.940768656386854,0.06755274428846811,46.86346863468634,-0.5497911576472363,0.07763165120753847,41.17647058823529,2026-03-11,5.036545
NOC,18,0.5956947536605306,0.038742169614182614,81.51221761180267,-0.308484148078922,0.06410373040261134,61.254612546125465,-0.3388702290940424,0.08607054304623953,41.17647058823529,2026-03-11,0.077319145
AVGO,18,0.4847825693907798,0.06338801294854202,79.52973720608576,0.022681264544699986,0.11286329093315141,64.94464944649447,-0.3206678785594941,0.1423306400747262,41.17647058823529,2026-03-11,-5.4667234
PANW,16,0.17919702629589795,0.10365467850361952,70.43357933579337,-0.18669207928990672,0.11012468815841073,51.66051660516605,-0.16523793267228815,0.0967933391266356,41.17647058823529,2026-03-11,7.242608
PRU,18,0.6396648214946803,0.05815835229153571,80.67343173431735,-0.2817599148850447,0.06278670676072115,53.13653136531366,-2.0257154040019594,0.09759842561918011,40.44117647058824,2026-03-11,7.03187
CPRT,17,0.21246667580137324,0.07099077312385188,71.79132040627886,-0.04252051188327943,0.06508368721411073,47.77777777777778,-0.3559393952223535,0.09291207867404222,39.85239852398524,2026-03-11,0.34787655
IBM,21,0.7045275277549192,0.03749301562577232,80.35055350553506,-0.1403610920324061,0.07475021750644184,59.040590405904055,-0.2823703385249803,0.09582621028482753,39.705882352941174,2026-03-11,3.2966971
HUBS,21,0.6787861361060905,0.07921039618870762,81.51635282457879,-0.15632408011994325,0.11120404674102007,69.44444444444444,-1.144470459758233,0.2183582948997867,39.52569169960474,2026-03-11,14.463509
TEAM,42,0.919617694775581,0.038779569481236675,90.91928251121077,0.1633670776922359,0.15403772411159136,68.16143497757847,-2.905414512864432,0.24849174039818248,39.46188340807175,2026-03-11,16.184998
AKAM,16,0.2979895921022292,0.06893035331121895,70.15682656826569,-0.2323333010082056,0.07914356576725631,45.018450184501845,-0.4313782813438518,0.11227701287471029,39.338235294117645,2026-03-11,0.095295906
BKR,16,0.3647445918805803,0.09903735998049032,75.34626038781164,-0.8133744183337419,0.10365429403333151,45.018450184501845,-0.5168880008277137,0.11058483809679308,38.970588235294116,2026-03-11,2.3912787
T,16,0.21812497422570865,0.054661750803676544,64.06826568265683,-0.6005850090028333,0.047435014247933185,72.32472324723247,-0.6031593283395484,0.0779612306384051,38.970588235294116,2026-03-11,-4.700458
MCD,28,0.8890600721414812,0.017982937480311368,88.0129091747349,-0.48066980061623177,0.058326700475275134,64.20664206642066,-1.183357160984352,0.05787798693608405,38.60294117647059,2026-03-11,2.6578665
CLX,21,0.7027028987294696,0.033550452905459875,81.45756457564576,-0.016936852703997918,0.06006286414689244,60.51660516605166,-1.3831511804533863,0.09118287101811937,38.60294117647059,2026-03-11,-7.0464373
KMX,16,0.18820866568744077,0.10255748329315836,64.89852398523985,-0.005524897416030905,0.09704324040337345,62.36162361623616,-0.2893987461782799,0.15369648237532782,38.60294117647059,2026-03-11,-0.36947727
FIS,20,0.6121067401681064,0.04655905784474295,79.65867158671587,-0.3492199806848171,0.060952305179043625,60.147601476014756,-0.6578292196090869,0.10340815965302923,38.37638376383764,2026-03-11,-15.719813
EME,17,0.2393099828468055,0.07079555589548384,69.40470696815875,-0.38439392709298903,0.1175700377415344,38.74538745387454,-0.2304885654834068,0.1219427972575113,38.23529411764706,2026-03-11,4.751885
FDS,20,0.6890677529018875,0.03673817273983277,82.56457564575645,-0.43199809455520444,0.06108932454674494,60.74074074074074,-1.0143916111767313,0.13555603649993458,38.23529411764706,2026-03-11,7.9869866
ZBH,19,0.5444190762183285,0.0572890925313946,81.97325956662056,0.09700672213242145,0.0460814515950637,71.95571955719558,-1.8017496974632667,0.10949035170334903,37.86764705882353,2026-03-11,-0.82989335
IT,18,0.3642422029246182,0.07190430190280749,73.72060857538037,-0.7603636339494046,0.06190387990176934,50.184501845018445,-0.9292431447092977,0.19855378916083652,37.13235294117647,2026-03-11,12.148094
LII,17,0.2583467209572793,0.06485806595788574,66.02120792992162,-0.14226725724483447,0.0491248610666328,78.22878228782287,-0.582080680186128,0.08679549856544423,37.13235294117647,2026-03-11,-3.9455652
USB,17,0.2518412652280503,0.07160145422566518,69.12782648823259,-0.142128738633313,0.0757666802862523,57.03703703703704,-0.45473322957235185,0.08722504186563611,36.76470588235294,2026-03-11,-1.0128975
SPGI,16,0.12911890496754952,0.06694915686213658,61.66974169741697,-0.09419329232850471,0.04519933837030048,61.62361623616236,-0.3629184105145342,0.0784029355171313,36.029411764705884,2026-03-11,1.8924952
URI,17,0.39490073299401496,0.10232809659737313,77.96219455970494,-0.06197351381729077,0.0967830227264221,69.00369003690037,-0.6422420112702505,0.13861204543957334,34.92647058823529,2026-03-11,11.281574
MLM,17,0.2804959330230783,0.0733286928366075,70.72383586906409,-0.09577083949959042,0.07281667289743521,53.874538745387454,-0.23236954213277694,0.06446481098491284,34.55882352941176,2026-03-11,-2.0645678
CEG,27,0.9132636554298948,0.04478755788475669,91.86256781193491,-0.24826495731363107,0.10367027926177862,75.36231884057972,-8.040984145081579,0.32786936078411427,34.285714285714285,2026-03-11,12.198591
WBD,16,0.19663413689076203,0.11919557109445726,62.632794457274834,-0.010593722872720868,0.12340722935440851,39.55223880597015,-0.963819534273457,0.24287721084958305,33.455882352941174,2026-03-11,-11.960101
PYPL,21,0.8057020923540101,0.05006459529498875,85.83645109567077,-0.08148056773138701,0.09134082674787418,60.94420600858369,-0.7239320544791137,0.12480950230901522,33.33333333333333,2026-03-11,-0.46468973
PFE,22,0.8002402422310744,0.03022788552511687,83.79501385041551,-0.7471265839940209,0.07747510974512535,55.18518518518518,-1.5348312580847865,0.0891473227323974,33.088235294117645,2026-03-11,-5.091119
CAG,16,0.2442548393125582,0.06480522658030284,64.27911275415896,-0.22100593175503436,0.05929091821975527,63.46863468634686,-1.8397069343899286,0.09327798151158813,31.61764705882353,2026-03-11,3.853953
ADP,31,0.891106280655816,0.021778463604798487,90.8210332103321,-0.7366739208839346,0.04799171059709794,63.09963099630996,-1.6400508513114587,0.08451514497109053,31.25,2026-03-11,0.7814646
CPB,16,0.14548709023978335,0.05622130190804794,54.93998153277931,-0.07938502404105763,0.05409964413403985,55.71955719557196,-0.47729641109533216,0.0654836887118087,31.25,2026-03-11,0.22643805
GILD,16,0.2551341878073029,0.05464363131451912,66.65129151291514,-0.3694037583869425,0.08124046125678484,43.17343173431734,-1.4492109733700835,0.10396987548483967,30.88235294117647,2026-03-11,1.814568
BK,29,0.8820748387819484,0.02663152847409756,89.303826648225,-1.9410538117145348,0.06562406996886506,43.91143911439114,-1.7402351012633752,0.09577011193685467,29.77941176470588,2026-03-11,-3.360778
GDDY,19,0.6101043303219118,0.056340177074719715,80.3850156087409,0.006799367002529699,0.06746575434699269,82.08333333333333,-1.3405637289197174,0.12131791444394706,29.338842975206614,2026-03-11,2.785182
NOW,16,0.15562728233768075,0.09274018138732194,64.85239852398524,-0.025516219632834902,0.06071105484068581,69.00369003690037,-0.7912667253040937,0.15716084510334558,28.676470588235293,2026-03-11,11.602461
DECK,16,0.2353180646509776,0.09457207135684184,70.07837713231903,-0.04278245326338448,0.10577864592207253,55.71955719557196,-0.42274482102479927,0.1882855617927225,28.308823529411764,2026-03-11,4.3426156
CRWD,22,0.8430008749419039,0.060887047731521295,89.99073215940686,-0.29277577155025836,0.13781850695101316,72.38805970149254,-2.5978603894385777,0.186611123393641,25.0,2026-03-11,-13.162697
